Workbook

Sheet Master Summary
A1: HSSC CLASS 12th (ANNUAL-I) — MASTER SUMMARY — ALL BISE BOARDS — 2024-2026
A2: Boards: Abbottabad, Bahawalpur, Bannu, D.G. Khan, Faisalabad, FBISE, Gujranwala, Kohat, Lahore, Mardan, Peshawar, Rawalpindi, Sahiwal, Sargodha, Swat. Figures are each board's Class 12th final-year grand total (where a board reports Part-I and Part-II or Class 11th and 12th separately, the Part-II / 12th-only row is used for comparability). Pass % is recomputed live as Passed ÷ Appeared for every board; the overall figure printed in the gazette (where there is one) is kept in 'Published Pass %' for audit.
A4: Board | B4: Year | C4: Appeared | D4: Passed | E4: Pass % | F4: Notes | G4: Published Pass %
A5: Abbottabad | B5: 2024 | C5: ='Abb-Overall Summary'!B5 -> 39267 | D5: ='Abb-Overall Summary'!C5 -> 33644 | E5: =ROUND(D5/C5*100,2) -> 85.68 | F5: Appeared includes 396 absent | G5: 86.55
A6: Abbottabad | B6: 2025 | C6: ='Abb-Overall Summary'!B6 -> 42357 | D6: ='Abb-Overall Summary'!C6 -> 36550 | E6: =ROUND(D6/C6*100,2) -> 86.29 | F6: Appeared includes 416 absent | G6: 87.15
A7: Abbottabad | B7: 2026 | C7: ='Abb-Overall Summary'!B7 -> 45757 | D7: ='Abb-Overall Summary'!C7 -> 35818 | E7: =ROUND(D7/C7*100,2) -> 78.28 | F7: Appeared includes 480 absent | G7: 79.11
A8: Bahawalpur | B8: 2024 | C8: ='BWP Year-over-Year Summary'!H5 -> 57660 | D8: ='BWP Year-over-Year Summary'!I5 -> 34689 | E8: =ROUND(D8/C8*100,2) -> 60.16 | F8: Part I & II combined; Appeared excludes 948 absent/cancelled roll nos. | G8: 60.16
A9: Bahawalpur | B9: 2025 | C9: ='BWP Year-over-Year Summary'!H6 -> 55727 | D9: ='BWP Year-over-Year Summary'!I6 -> 35404 | E9: =ROUND(D9/C9*100,2) -> 63.53 | F9: Part I & II combined; Appeared excludes absent/cancelled roll nos. (2025 counts not in supplied pages) | G9: 63.53
A10: Bahawalpur | B10: 2026 | C10: ='BWP Year-over-Year Summary'!H7 -> 60592 | D10: ='BWP Year-over-Year Summary'!I7 -> 36304 | E10: =ROUND(D10/C10*100,2) -> 59.92 | F10: Part I & II combined; Appeared excludes 1,076 absent/cancelled roll nos.; 61,668 applied | G10: 59.92
A11: Bannu | B11: 2025 | C11: ='BNU Overall Summary'!C6 -> 18099 | D11: ='BNU Overall Summary'!D6 -> 15484 | E11: =ROUND(D11/C11*100,2) -> 85.55 | F11: Part-II (final, 2nd Year); Part-I: 16,859 promoted (16,604 passed, 98%); group Appeared adds to 18,056 vs printed 18,099 - Sub Total used; published % is a whole number | G11: 86
A12: Bannu | B12: 2026 | C12: ='BNU Overall Summary'!C9 -> 17771 | D12: ='BNU Overall Summary'!D9 -> 14484 | E12: =ROUND(D12/C12*100,2) -> 81.5 | F12: Part-II (final, 2nd Year); Part-I: 17,857 appeared, 14,845 passed (83%); gazette Private-category Passed counts are below their grade counts - printed totals used; published % is a whole number | G12: 82
A13: D.G. Khan | B13: 2024 | C13: ='DGK-Overall Summary'!C5 -> 60102 | D13: ='DGK-Overall Summary'!D5 -> 42341 | E13: =ROUND(D13/C13*100,2) -> 70.45 | F13: Part-II & Combined; 60,539 applied | G13: 70.45
A14: D.G. Khan | B14: 2025 | C14: ='DGK-Overall Summary'!C6 -> 56083 | D14: ='DGK-Overall Summary'!D6 -> 41985 | E14: =ROUND(D14/C14*100,2) -> 74.86 | F14: Part-II & Combined; 56,655 applied | G14: 74.86
A15: D.G. Khan | B15: 2026 | C15: ='DGK-Overall Summary'!C7 -> 59243 | D15: ='DGK-Overall Summary'!D7 -> 43332 | E15: =ROUND(D15/C15*100,2) -> 73.14 | F15: Part-II & Combined; 59,629 applied | G15: 73.14
A16: Faisalabad | B16: 2024 | C16: ='FSD Overall Summary'!C4 -> 103269 | D16: ='FSD Overall Summary'!D4 -> 74154 | E16: =ROUND(D16/C16*100,2) -> 71.81 | F16: Regular + Private; gazette gives Regular 79.00% and Private 47.79% only (no overall %)
A17: Faisalabad | B17: 2025 | C17: ='FSD Overall Summary'!C7 -> 104009 | D17: ='FSD Overall Summary'!D7 -> 76661 | E17: =ROUND(D17/C17*100,2) -> 73.71 | F17: Regular + Private (105,433 admission forms submitted); Regular 80.30%, Private 50.16% | G17: 73.71
A18: Faisalabad | B18: 2026 | C18: ='FSD Overall Summary'!C10 -> 109244 | D18: ='FSD Overall Summary'!D10 -> 77708 | E18: =ROUND(D18/C18*100,2) -> 71.13 | F18: Regular + Private; Regular 78.29%, Private 43.32%; applied/admission-form count not on supplied pages | G18: 71.13
A19: FBISE | B19: 2024 | C19: ='FBISE Summary'!E2 -> 89261 | D19: ='FBISE Summary'!G2 -> 72653 | E19: =ROUND(D19/C19*100,2) -> 81.39 | F19: HSSC-II, All Areas (Regular + Private); enrolled 90,518, absent 1,257; published % is on Appeared less RL | G19: 82.58
A20: FBISE | B20: 2025 | C20: ='FBISE Summary'!E11 -> 96521 | D20: ='FBISE Summary'!G11 -> 79881 | E20: =ROUND(D20/C20*100,2) -> 82.76 | F20: HSSC-II, All Areas (Regular + Private); enrolled 97,925, absent 1,404; published % is on Appeared less RL | G20: 83.19
A21: FBISE | B21: 2026 | C21: ='FBISE Summary'!E20 -> 103178 | D21: ='FBISE Summary'!G20 -> 87364 | E21: =ROUND(D21/C21*100,2) -> 84.67 | F21: HSSC-II, All Areas (Regular + Private); enrolled 104,838, absent 1,660; published % is on Appeared less RL | G21: 85.95
A22: Gujranwala | B22: 2024 | C22: ='GRW Year-over-Year Summary'!B5 -> 142834 | D22: ='GRW Year-over-Year Summary'!C5 -> 89019 | E22: =ROUND(D22/C22*100,2) -> 62.32 | F22: Part-II First Annual; overall % not stated in gazette; no applied count given
A23: Gujranwala | B23: 2025 | C23: ='GRW Year-over-Year Summary'!B6 -> 135810 | D23: ='GRW Year-over-Year Summary'!C6 -> 85696 | E23: =ROUND(D23/C23*100,2) -> 63.1 | F23: Part-II First Annual; overall % not stated in gazette; no applied count given
A24: Kohat | B24: 2025 | C24: ='KOH Overall Summary'!C6 -> 29496 | D24: ='KOH Overall Summary'!D6 -> 16808 | E24: =ROUND(D24/C24*100,2) -> 56.98 | F24: Part-II (final, 2nd Year); Part-I: 34,012 appeared, 10,899 passed (32.04%); group Appeared adds to 29,495 vs printed 29,496 - printed total used | G24: 56.98
A25: Kohat | B25: 2026 | C25: ='KOH Overall Summary'!C9 -> 31496 | D25: ='KOH Overall Summary'!D9 -> 9724 | E25: =ROUND(D25/C25*100,2) -> 30.87 | F25: Part-II (final, 2nd Year); Part-I: 22,728 appeared, 6,138 passed (27.01%); group Appeared adds to 31,496 only via printed group totals (two groups each 1 above the sum of their categories) | G25: 30.87
A26: Lahore | B26: 2024 | C26: ='LHR Year-over-Year Summary'!C5 -> 190218 | D26: ='LHR Year-over-Year Summary'!D5 -> 114985 | E26: =ROUND(D26/C26*100,2) -> 60.45 | F26: Part I & II combined; 194,766 applied | G26: 60.45
A27: Lahore | B27: 2025 | C27: ='LHR Year-over-Year Summary'!C6 -> 180329 | D27: ='LHR Year-over-Year Summary'!D6 -> 109741 | E27: =ROUND(D27/C27*100,2) -> 60.86 | F27: Part I & II combined; 184,000 applied | G27: 60.86
A28: Lahore | B28: 2026 | C28: ='LHR Year-over-Year Summary'!C7 -> 189373 | D28: ='LHR Year-over-Year Summary'!D7 -> 123060 | E28: =ROUND(D28/C28*100,2) -> 64.98 | F28: Part I & II combined; 192,950 applied; Appeared/Passed include 431 / 223 Additional-subject candidates not in the group rows | G28: 64.98
A29: Mardan | B29: 2024 | C29: ='Mar-Overview'!B5 -> 42873 | D29: ='Mar-Overview'!C5 -> 40105 | E29: =ROUND(D29/C29*100,2) -> 93.54 | F29: Annual-I Part-II; no grade data in gazette | G29: 93.54
A30: Mardan | B30: 2025 | C30: ='Mar-Overview'!B6 -> 45778 | D30: ='Mar-Overview'!C6 -> 38674 | E30: =ROUND(D30/C30*100,2) -> 84.48 | F30: Annual-I Part-II; no grade data in gazette | G30: 84.48
A31: Mardan | B31: 2026 | C31: ='Mar-Overview'!B7 -> 49250 | D31: ='Mar-Overview'!C7 -> 39178 | E31: =ROUND(D31/C31*100,2) -> 79.55 | F31: Annual-I Part-II; no grade data in gazette | G31: 79.55
A32: Peshawar | B32: 2024 | C32: ='Pes-Summary (2024-2026)'!C6 -> 61217 | D32: ='Pes-Summary (2024-2026)'!D6 -> 56117 | E32: =ROUND(D32/C32*100,2) -> 91.67 | F32: Annual-I Part-II (final result); 497 absent included in Appeared; Part-I: 62,886 students, 50,207 passed, 99.1% (promotion-based); published % is a whole number | G32: 92
A33: Peshawar | B33: 2025 | C33: ='Pes-Summary (2024-2026)'!C7 -> 62322 | D33: ='Pes-Summary (2024-2026)'!D7 -> 44902 | E33: =ROUND(D33/C33*100,2) -> 72.05 | F33: Annual-I Part-II (final result); 583 absent included in Appeared; no Part-I result in the 2025 gazette; published % is a whole number | G33: 72
A34: Peshawar | B34: 2026 | C34: ='Pes-Summary (2024-2026)'!C9 -> 66735 | D34: ='Pes-Summary (2024-2026)'!D9 -> 35103 | E34: =ROUND(D34/C34*100,2) -> 52.6 | F34: Annual-I Part-II (final result); 754 absent included in Appeared; Part-I: 63,605 students, 31,169 passed, 31,864 promoted, 99.10% (promotion-based) | G34: 52.6
A35: Rawalpindi | B35: 2024 | C35: ='RWP Overview Summary'!E2 -> 63291 | D35: ='RWP Overview Summary'!F2 -> 35922 | E35: =ROUND(D35/C35*100,2) -> 56.76 | F35: 1st Annual; 64,232 enrolled; Appeared excludes 917 absent and 24 cancelled | G35: 56.76
A36: Rawalpindi | B36: 2025 | C36: ='RWP Overview Summary'!E3 -> 58940 | D36: ='RWP Overview Summary'!F3 -> 31898 | E36: =ROUND(D36/C36*100,2) -> 54.12 | F36: 1st Annual; 59,784 enrolled; Appeared excludes 813 absent and 31 cancelled | G36: 54.12
A37: Rawalpindi | B37: 2026 | C37: ='RWP Overview Summary'!E4 -> 61409 | D37: ='RWP Overview Summary'!F4 -> 36896 | E37: =ROUND(D37/C37*100,2) -> 60.08 | F37: 1st Annual; 62,233 enrolled; Appeared excludes 795 absent and 29 cancelled | G37: 60.08
A38: Sahiwal | B38: 2024 | C38: ='SWL Result At a Glance'!C5 -> 45519 | D38: ='SWL Result At a Glance'!D5 -> 25177 | E38: =ROUND(D38/C38*100,2) -> 55.31 | F38: Part-II First Annual; 46,877 applied | G38: 55.31
A39: Sahiwal | B39: 2025 | C39: ='SWL Result At a Glance'!C6 -> 43241 | D39: ='SWL Result At a Glance'!D6 -> 25478 | E39: =ROUND(D39/C39*100,2) -> 58.92 | F39: Part-II First Annual; 44,302 applied | G39: 58.92
A40: Sahiwal | B40: 2026 | C40: ='SWL Result At a Glance'!C7 -> 46248 | D40: ='SWL Result At a Glance'!D7 -> 28868 | E40: =ROUND(D40/C40*100,2) -> 62.42 | F40: Part-II First Annual; 47,353 applied | G40: 62.42
A41: Sargodha | B41: 2024 | C41: ='Sar-Overall Summary'!C5 -> 52457 | D41: ='Sar-Overall Summary'!D5 -> 35656 | E41: =ROUND(D41/C41*100,2) -> 67.97 | F41: Part-II (Composite) First Annual; 53,507 applied; 1,050 absent and 2,080 cancelled excluded from Appeared | G41: 67.97
A42: Sargodha | B42: 2025 | C42: ='Sar-Overall Summary'!C6 -> 50017 | D42: ='Sar-Overall Summary'!D6 -> 34428 | E42: =ROUND(D42/C42*100,2) -> 68.83 | F42: Part-II (Composite) First Annual; 50,982 applied (absent/cancelled counts not in supplied pages) | G42: 68.83
A43: Sargodha | B43: 2026 | C43: ='Sar-Overall Summary'!C7 -> 55034 | D43: ='Sar-Overall Summary'!D7 -> 38076 | E43: =ROUND(D43/C43*100,2) -> 69.19 | F43: Part-II (Composite) First Annual; 55,749 applied; 715 absent and 11,750 un-allotted/cancelled roll numbers excluded | G43: 69.19
A44: Swat | B44: 2024 | C44: ='Swat-Summary'!C6 -> 33977 | D44: ='Swat-Summary'!D6 -> 30555 | E44: =ROUND(D44/C44*100,2) -> 89.93 | F44: Class 12th; Class 11th also reported (32,284 appeared, 20,484 passed, 63.45%) | G44: 89.93
A45: Swat | B45: 2025 | C45: ='Swat-Summary'!C7 -> 32152 | D45: ='Swat-Summary'!D7 -> 26384 | E45: =ROUND(D45/C45*100,2) -> 82.06 | F45: Class 12th (2025 gazette reports Class 12th only) | G45: 82.06
A46: Swat | B46: 2026 | C46: ='Swat-Summary'!C9 -> 32531 | D46: ='Swat-Summary'!D9 -> 21183 | E46: =ROUND(D46/C46*100,2) -> 65.12 | F46: Class 12th; Class 11th also reported (31,611 appeared, 19,772 passed, 62.55%) | G46: 65.12
A49: Pass % by Board and Year (for chart)
A50: Board | B50: 2024 | C50: 2025 | D50: 2026
A51: Abbottabad | B51: =IF(COUNTIFS($A$5:$A$46,$A51,$B$5:$B$46,B$50)=0,"",SUMIFS($E$5:$E$46,$A$5:$A$46,$A51,$B$5:$B$46,B$50)) -> 85.68 | C51: =IF(COUNTIFS($A$5:$A$46,$A51,$B$5:$B$46,C$50)=0,"",SUMIFS($E$5:$E$46,$A$5:$A$46,$A51,$B$5:$B$46,C$50)) -> 86.29 | D51: =IF(COUNTIFS($A$5:$A$46,$A51,$B$5:$B$46,D$50)=0,"",SUMIFS($E$5:$E$46,$A$5:$A$46,$A51,$B$5:$B$46,D$50)) -> 78.28
A52: Bahawalpur | B52: =IF(COUNTIFS($A$5:$A$46,$A52,$B$5:$B$46,B$50)=0,"",SUMIFS($E$5:$E$46,$A$5:$A$46,$A52,$B$5:$B$46,B$50)) -> 60.16 | C52: =IF(COUNTIFS($A$5:$A$46,$A52,$B$5:$B$46,C$50)=0,"",SUMIFS($E$5:$E$46,$A$5:$A$46,$A52,$B$5:$B$46,C$50)) -> 63.53 | D52: =IF(COUNTIFS($A$5:$A$46,$A52,$B$5:$B$46,D$50)=0,"",SUMIFS($E$5:$E$46,$A$5:$A$46,$A52,$B$5:$B$46,D$50)) -> 59.92
A53: Bannu | B53: =IF(COUNTIFS($A$5:$A$46,$A53,$B$5:$B$46,B$50)=0,"",SUMIFS($E$5:$E$46,$A$5:$A$46,$A53,$B$5:$B$46,B$50)) | C53: =IF(COUNTIFS($A$5:$A$46,$A53,$B$5:$B$46,C$50)=0,"",SUMIFS($E$5:$E$46,$A$5:$A$46,$A53,$B$5:$B$46,C$50)) -> 85.55 | D53: =IF(COUNTIFS($A$5:$A$46,$A53,$B$5:$B$46,D$50)=0,"",SUMIFS($E$5:$E$46,$A$5:$A$46,$A53,$B$5:$B$46,D$50)) -> 81.5
A54: D.G. Khan | B54: =IF(COUNTIFS($A$5:$A$46,$A54,$B$5:$B$46,B$50)=0,"",SUMIFS($E$5:$E$46,$A$5:$A$46,$A54,$B$5:$B$46,B$50)) -> 70.45 | C54: =IF(COUNTIFS($A$5:$A$46,$A54,$B$5:$B$46,C$50)=0,"",SUMIFS($E$5:$E$46,$A$5:$A$46,$A54,$B$5:$B$46,C$50)) -> 74.86 | D54: =IF(COUNTIFS($A$5:$A$46,$A54,$B$5:$B$46,D$50)=0,"",SUMIFS($E$5:$E$46,$A$5:$A$46,$A54,$B$5:$B$46,D$50)) -> 73.14
A55: Faisalabad | B55: =IF(COUNTIFS($A$5:$A$46,$A55,$B$5:$B$46,B$50)=0,"",SUMIFS($E$5:$E$46,$A$5:$A$46,$A55,$B$5:$B$46,B$50)) -> 71.81 | C55: =IF(COUNTIFS($A$5:$A$46,$A55,$B$5:$B$46,C$50)=0,"",SUMIFS($E$5:$E$46,$A$5:$A$46,$A55,$B$5:$B$46,C$50)) -> 73.71 | D55: =IF(COUNTIFS($A$5:$A$46,$A55,$B$5:$B$46,D$50)=0,"",SUMIFS($E$5:$E$46,$A$5:$A$46,$A55,$B$5:$B$46,D$50)) -> 71.13
A56: FBISE | B56: =IF(COUNTIFS($A$5:$A$46,$A56,$B$5:$B$46,B$50)=0,"",SUMIFS($E$5:$E$46,$A$5:$A$46,$A56,$B$5:$B$46,B$50)) -> 81.39 | C56: =IF(COUNTIFS($A$5:$A$46,$A56,$B$5:$B$46,C$50)=0,"",SUMIFS($E$5:$E$46,$A$5:$A$46,$A56,$B$5:$B$46,C$50)) -> 82.76 | D56: =IF(COUNTIFS($A$5:$A$46,$A56,$B$5:$B$46,D$50)=0,"",SUMIFS($E$5:$E$46,$A$5:$A$46,$A56,$B$5:$B$46,D$50)) -> 84.67
A57: Gujranwala | B57: =IF(COUNTIFS($A$5:$A$46,$A57,$B$5:$B$46,B$50)=0,"",SUMIFS($E$5:$E$46,$A$5:$A$46,$A57,$B$5:$B$46,B$50)) -> 62.32 | C57: =IF(COUNTIFS($A$5:$A$46,$A57,$B$5:$B$46,C$50)=0,"",SUMIFS($E$5:$E$46,$A$5:$A$46,$A57,$B$5:$B$46,C$50)) -> 63.1 | D57: =IF(COUNTIFS($A$5:$A$46,$A57,$B$5:$B$46,D$50)=0,"",SUMIFS($E$5:$E$46,$A$5:$A$46,$A57,$B$5:$B$46,D$50))
A58: Kohat | B58: =IF(COUNTIFS($A$5:$A$46,$A58,$B$5:$B$46,B$50)=0,"",SUMIFS($E$5:$E$46,$A$5:$A$46,$A58,$B$5:$B$46,B$50)) | C58: =IF(COUNTIFS($A$5:$A$46,$A58,$B$5:$B$46,C$50)=0,"",SUMIFS($E$5:$E$46,$A$5:$A$46,$A58,$B$5:$B$46,C$50)) -> 56.98 | D58: =IF(COUNTIFS($A$5:$A$46,$A58,$B$5:$B$46,D$50)=0,"",SUMIFS($E$5:$E$46,$A$5:$A$46,$A58,$B$5:$B$46,D$50)) -> 30.87
A59: Lahore | B59: =IF(COUNTIFS($A$5:$A$46,$A59,$B$5:$B$46,B$50)=0,"",SUMIFS($E$5:$E$46,$A$5:$A$46,$A59,$B$5:$B$46,B$50)) -> 60.45 | C59: =IF(COUNTIFS($A$5:$A$46,$A59,$B$5:$B$46,C$50)=0,"",SUMIFS($E$5:$E$46,$A$5:$A$46,$A59,$B$5:$B$46,C$50)) -> 60.86 | D59: =IF(COUNTIFS($A$5:$A$46,$A59,$B$5:$B$46,D$50)=0,"",SUMIFS($E$5:$E$46,$A$5:$A$46,$A59,$B$5:$B$46,D$50)) -> 64.98
A60: Mardan | B60: =IF(COUNTIFS($A$5:$A$46,$A60,$B$5:$B$46,B$50)=0,"",SUMIFS($E$5:$E$46,$A$5:$A$46,$A60,$B$5:$B$46,B$50)) -> 93.54 | C60: =IF(COUNTIFS($A$5:$A$46,$A60,$B$5:$B$46,C$50)=0,"",SUMIFS($E$5:$E$46,$A$5:$A$46,$A60,$B$5:$B$46,C$50)) -> 84.48 | D60: =IF(COUNTIFS($A$5:$A$46,$A60,$B$5:$B$46,D$50)=0,"",SUMIFS($E$5:$E$46,$A$5:$A$46,$A60,$B$5:$B$46,D$50)) -> 79.55
A61: Peshawar | B61: =IF(COUNTIFS($A$5:$A$46,$A61,$B$5:$B$46,B$50)=0,"",SUMIFS($E$5:$E$46,$A$5:$A$46,$A61,$B$5:$B$46,B$50)) -> 91.67 | C61: =IF(COUNTIFS($A$5:$A$46,$A61,$B$5:$B$46,C$50)=0,"",SUMIFS($E$5:$E$46,$A$5:$A$46,$A61,$B$5:$B$46,C$50)) -> 72.05 | D61: =IF(COUNTIFS($A$5:$A$46,$A61,$B$5:$B$46,D$50)=0,"",SUMIFS($E$5:$E$46,$A$5:$A$46,$A61,$B$5:$B$46,D$50)) -> 52.6
A62: Rawalpindi | B62: =IF(COUNTIFS($A$5:$A$46,$A62,$B$5:$B$46,B$50)=0,"",SUMIFS($E$5:$E$46,$A$5:$A$46,$A62,$B$5:$B$46,B$50)) -> 56.76 | C62: =IF(COUNTIFS($A$5:$A$46,$A62,$B$5:$B$46,C$50)=0,"",SUMIFS($E$5:$E$46,$A$5:$A$46,$A62,$B$5:$B$46,C$50)) -> 54.12 | D62: =IF(COUNTIFS($A$5:$A$46,$A62,$B$5:$B$46,D$50)=0,"",SUMIFS($E$5:$E$46,$A$5:$A$46,$A62,$B$5:$B$46,D$50)) -> 60.08
... A65: Swat | B65: =IF(COUNTIFS($A$5:$A$46,$A65,$B$5:$B$46,B$50)=0,"",SUMIFS($E$5:$E$46,$A$5:$A$46,$A65,$B$5:$B$46,B$50)) -> 89.93 | C65: =IF(COUNTIFS($A$5:$A$46,$A65,$B$5:$B$46,C$50)=0,"",SUMIFS($E$5:$E$46,$A$5:$A$46,$A65,$B$5:$B$46,C$50)) -> 82.06 | D65: =IF(COUNTIFS($A$5:$A$46,$A65,$B$5:$B$46,D$50)=0,"",SUMIFS($E$5:$E$46,$A$5:$A$46,$A65,$B$5:$B$46,D$50)) -> 65.12
A72: Data Cleaning Notes:
A73: - Every board publishes a differently shaped result gazette (own group names, own mix of Applied/Appeared/Absent; some report Part-I and Part-II or Class 11th and 12th separately). This sheet normalizes all of them to one comparable metric: Class 12th (final-year) Appeared, Passed and Pass % (recomputed live as Passed ÷ Appeared).
A74: - Pass % is a formula in every row. The overall % printed in each gazette, where one exists, is kept as a typed value in 'Published Pass %'. It differs from the recomputed value only where a board counts absent / result-later candidates differently (Abbottabad, FBISE) or prints whole numbers only (Bannu, Peshawar); Gujranwala and Faisalabad 2024 print no overall figure.
A75: - Appeared is each board's own printed figure and is not forced onto one definition: Abbottabad and Peshawar include absent candidates, while Bahawalpur, Rawalpindi and Sargodha exclude absent/cancelled roll numbers (see Notes column).
A76: - Gujranwala 2026 was not supplied and is left blank rather than estimated. Bannu and Kohat have no 2024 data (their data starts in 2025).
A77: - Peshawar, Bannu and Kohat publish Part-I (first year) results as well; only the Part-II (final / Class 12th) figure is used here. Swat's Class 11th figures appear in the Notes column only.
A78: - Gazette inconsistencies (grades not adding to Passed, group totals off by one, etc.) are kept exactly as published and documented in the header note of the affected tab.
A79: - Pass % scale: this sheet is 0-100. Each board's own tabs keep their original scale (0-1 fractions: Abbottabad, D.G. Khan, Faisalabad, FBISE, Mardan, Rawalpindi, Sargodha; 0-100: Bahawalpur, Bannu, Gujranwala, Kohat, Lahore, Peshawar, Sahiwal, Swat) - see Workbook Contents.
A80: - Full per-board detail (subject-wise, group-wise, gender-wise, grade bands, district-wise where applicable) is preserved unchanged on the board-prefixed tabs that follow.
A82: Workbook Contents (119 sheets, 15 boards):
A83: Master Summary | B83: Cross-board Class 12th comparison + chart table + chart + cleaning notes (this sheet)
A84: Abb-* | B84: Abbottabad (5 sheets; Pass % scale 0-1 fractions): Overall Summary, Group-wise, Overall by Type-Gender, Additional-Qualifying, Subject-wise
A85: BWP * | B85: Bahawalpur (22 sheets; Pass % scale 0-100): Year-over-Year Summary, Result at a Glance (2024-2026), Regular (Govt.) (2024-2026), Regular (Affiliated) (2024-2026), Total (Regular) (2024-2026), Private (2024-2026), Grand Total (2024-2026), District Wise Pass % (2024), Subject Wise Pass % (2024-2026)
A86: BNU * | B86: Bannu (3 sheets; Pass % scale 0-100): Overall Summary, Group-wise, Category-wise (2026)
A87: DGK-* | B87: D.G. Khan (10 sheets; Pass % scale 0-1 fractions): Overall Summary, Gender-wise, Group-wise, Group-Gender Summary, District-wise, District-Category 2026, Historical Trend, Subject-wise, Subject-wise 2025, Subject-wise 2026
A88: FSD * | B88: Faisalabad (7 sheets; Pass % scale 0-1 fractions): Overall Summary, Regular District-Group, Regular Gender-School, Private District-Group, Private Gender, Overall Grade-wise, Subjects
A89: FBISE * | B89: FBISE (3 sheets; Pass % scale 0-1 fractions): Summary, Regional Details, Notes
A90: GRW * | B90: Gujranwala (19 sheets; Pass % scale 0-100): Year-over-Year Summary, Pre-Medical Stats (2024-2025), Pre-Engineering Stats (2024-2025), Humanities Stats (2024-2025), General Science Stats (2024-2025), Commerce Stats (2024-2025), Home Economics Stats (2024-2025), District-wise Stats (2024-2025), Subject Pass % Part-II (2024-2025), Subject Pass % Part-I (2024-2025)
A91: KOH * | B91: Kohat (3 sheets; Pass % scale 0-100): Overall Summary, Group-wise, Subject-wise
A92: LHR * | B92: Lahore (11 sheets; Pass % scale 0-100): Year-over-Year Summary, Notice (2024-2026), Statistical Data (2024-2026), Subject Wise Pass % (2024-2026), District Wise Pass % (2026)
A93: Mar-* | B93: Mardan (6 sheets; Pass % scale 0-1 fractions): Overview, Pre-Medical Group, Pre-Engineering Group, General Science Group, Humanities Group, Home Economics Group
A94: Pes-* | B94: Peshawar (7 sheets; Pass % scale 0-100): Summary (2024-2026), Group-wise Part-I, Group-wise Part-II, Gender-wise Part-I, Gender-wise Part-II, Subject-wise Pass %, Subject-wise Part-I 2026
... A98: Swat-* | B98: Swat (3 sheets; Pass % scale 0-100): Summary, Group-wise Distribution, Subject-wise Pass %

Sheet Abb-Overall Summary
A1: BOARD OF INTERMEDIATE & SECONDARY EDUCATION ABBOTTABAD
A2: HSSC Class 12th (Annual-I) — Result at a Glance — 2024, 2025 and 2026. "Appeared" includes Absent candidates (Pass % is published as Passed ÷ (Appeared − Absent)).
A4: Year | B4: Appeared | C4: Passed | D4: Failed/Absent | E4: Pass % | F4: Absent
A5: 2024 | B5: 39267 | C5: 33644 | D5: =B5-C5 -> 5623 | E5: 0.8655 | F5: 396
A6: 2025 | B6: 42357 | C6: 36550 | D6: =B6-C6 -> 5807 | E6: 0.8715 | F6: 416
A7: 2026 | B7: 45757 | C7: 35818 | D7: =B7-C7 -> 9939 | E7: 0.7911 | F7: 480

Sheet Abb-Group-wise
A1: Group-Wise Pass Percentage & Grade Distribution — HSSC Class 12th (2024–2026)
A2: Source: BISE Abbottabad Result at a Glance, HSSC 2024, 2025 and 2026 gazettes. Failed/Absent = Appeared − Passed. Pass % as published.
A4: Year | B4: Candidate Type | C4: Gender | D4: Group | E4: Appeared | F4: Passed | G4: Failed/Absent | H4: Pass % | I4: A1 | J4: A | K4: B | L4: C | M4: D | N4: E | O4: Absent
A5: 2024 | B5: Regular | C5: Female | D5: Pre-Medical | E5: 6980 | F5: 6254 | G5: =E5-F5 -> 726 | H5: 0.8992 | I5: 1211 | J5: 1788 | K5: 2207 | L5: 997 | M5: 51 | N5: 0 | O5: 25
A6: 2024 | B6: Regular | C6: Male | D6: Pre-Medical | E6: 9376 | F6: 8338 | G6: =E6-F6 -> 1038 | H6: 0.9007 | I6: 1011 | J6: 2024 | K6: 2516 | L6: 2221 | M6: 565 | N6: 1 | O6: 119
A7: 2024 | B7: Private | C7: Female | D7: Pre-Medical | E7: 785 | F7: 587 | G7: =E7-F7 -> 198 | H7: 0.7673 | I7: 252 | J7: 82 | K7: 80 | L7: 126 | M7: 46 | N7: 1 | O7: 20
A8: 2024 | B8: Private | C8: Male | D8: Pre-Medical | E8: 1058 | F8: 807 | G8: =E8-F8 -> 251 | H8: 0.7889 | I8: 272 | J8: 112 | K8: 125 | L8: 171 | M8: 122 | N8: 5 | O8: 35
A9: 2024 | B9: Regular | C9: Female | D9: Pre-Engineering | E9: 720 | F9: 590 | G9: =E9-F9 -> 130 | H9: 0.8229 | I9: 137 | J9: 163 | K9: 164 | L9: 113 | M9: 13 | N9: 0 | O9: 3
A10: 2024 | B10: Regular | C10: Male | D10: Pre-Engineering | E10: 2852 | F10: 2489 | G10: =E10-F10 -> 363 | H10: 0.8786 | I10: 219 | J10: 563 | K10: 604 | L10: 798 | M10: 304 | N10: 1 | O10: 19
A11: 2024 | B11: Private | C11: Female | D11: Pre-Engineering | E11: 62 | F11: 42 | G11: =E11-F11 -> 20 | H11: 0.6885 | I11: 0 | J11: 3 | K11: 4 | L11: 24 | M11: 10 | N11: 1 | O11: 1
A12: 2024 | B12: Private | C12: Male | D12: Pre-Engineering | E12: 251 | F12: 177 | G12: =E12-F12 -> 74 | H12: 0.7284 | I12: 4 | J12: 10 | K12: 30 | L12: 59 | M12: 66 | N12: 8 | O12: 8
A13: 2024 | B13: Regular | C13: Female | D13: Computer / General Science | E13: 1396 | F13: 1219 | G13: =E13-F13 -> 177 | H13: 0.8751 | I13: 123 | J13: 330 | K13: 441 | L13: 293 | M13: 32 | N13: 0 | O13: 3
A14: 2024 | B14: Regular | C14: Male | D14: Computer / General Science | E14: 3686 | F14: 3318 | G14: =E14-F14 -> 368 | H14: 0.908 | I14: 86 | J14: 559 | K14: 1052 | L14: 1228 | M14: 393 | N14: 0 | O14: 32
A15: 2024 | B15: Private | C15: Female | D15: Computer / General Science | E15: 97 | F15: 59 | G15: =E15-F15 -> 38 | H15: 0.6082 | I15: 0 | J15: 4 | K15: 9 | L15: 22 | M15: 22 | N15: 2 | O15: 0
A16: 2024 | B16: Private | C16: Male | D16: Computer / General Science | E16: 171 | F16: 127 | G16: =E16-F16 -> 44 | H16: 0.7697 | I16: 1 | J16: 8 | K16: 27 | L16: 36 | M16: 50 | N16: 5 | O16: 6
... A58: 2026 | B58: Private | C58: Female | D58: Home Economics | E58: 4 | F58: 4 | G58: =E58-F58 -> 0 | H58: 1 | I58: 0 | J58: 0 | K58: 0 | L58: 3 | M58: 1 | N58: 0 | O58: 0

Sheet Abb-Overall by Type-Gender
A1: Overall Pass Percentage — by Candidate Type & Gender — HSSC Class 12th (2024–2026)
A2: Source: BISE Abbottabad Result at a Glance, HSSC 2024, 2025 and 2026 gazettes.
A4: Year | B4: Candidate Type | C4: Appeared | D4: Passed | E4: Failed/Absent | F4: Pass % | G4: Absent
A5: 2024 | B5: Regular Female | C5: 12796 | D5: 11373 | E5: =C5-D5 -> 1423 | F5: 0.8919 | G5: 44
A6: 2024 | B6: Regular Male | C6: 18131 | D6: 16074 | E6: =C6-D6 -> 2057 | F6: 0.8957 | G6: 185
A7: 2024 | B7: Private Female | C7: 3605 | D7: 2523 | E7: =C7-D7 -> 1082 | F7: 0.7105 | G7: 54
A8: 2024 | B8: Private Male | C8: 4735 | D8: 3674 | E8: =C8-D8 -> 1061 | F8: 0.7949 | G8: 113
A9: 2024 | B9: Grand Total | C9: 39267 | D9: 33644 | E9: =C9-D9 -> 5623 | F9: 0.8655 | G9: 396
A10: 2025 | B10: Regular Female | C10: 15534 | D10: 14050 | E10: =C10-D10 -> 1484 | F10: 0.9078 | G10: 57
A11: 2025 | B11: Regular Male | C11: 19278 | D11: 17192 | E11: =C11-D11 -> 2086 | F11: 0.8994 | G11: 164
A12: 2025 | B12: Private Female | C12: 3381 | D12: 2362 | E12: =C12-D12 -> 1019 | F12: 0.7087 | G12: 48
A13: 2025 | B13: Private Male | C13: 4164 | D13: 2946 | E13: =C13-D13 -> 1218 | F13: 0.7334 | G13: 147
A14: 2025 | B14: Grand Total | C14: 42357 | D14: 36550 | E14: =C14-D14 -> 5807 | F14: 0.8715 | G14: 416
A15: 2026 | B15: Regular Female | C15: 17403 | D15: 14979 | E15: =C15-D15 -> 2424 | F15: 0.8636 | G15: 59
A16: 2026 | B16: Regular Male | C16: 21493 | D16: 15909 | E16: =C16-D16 -> 5584 | F16: 0.7484 | G16: 235
... A19: 2026 | B19: Grand Total | C19: 45757 | D19: 35818 | E19: =C19-D19 -> 9939 | F19: 0.7911 | G19: 480

Sheet Abb-Additional-Qualifying
A1: Additional / Qualifying Subjects Pass Percentage — HSSC Class 12th (2024–2026)
A2: Source: BISE Abbottabad Result at a Glance, HSSC 2024, 2025 and 2026 gazettes.
A4: Year | B4: Candidate Type | C4: Appeared | D4: Passed | E4: Failed/Absent | F4: Pass % | G4: Absent
A5: 2024 | B5: Private Female | C5: 110 | D5: 71 | E5: =C5-D5 -> 39 | F5: 0.6698 | G5: 4
A6: 2024 | B6: Private Male | C6: 323 | D6: 253 | E6: =C6-D6 -> 70 | F6: 0.8241 | G6: 16
A7: 2025 | B7: Private Female | C7: 94 | D7: 67 | E7: =C7-D7 -> 27 | F7: 0.7283 | G7: 2
A8: 2025 | B8: Private Male | C8: 211 | D8: 170 | E8: =C8-D8 -> 41 | F8: 0.8543 | G8: 12
A9: 2026 | B9: Private Female | C9: 83 | D9: 71 | E9: =C9-D9 -> 12 | F9: 0.8659 | G9: 1
A10: 2026 | B10: Private Male | C10: 165 | D10: 121 | E10: =C10-D10 -> 44 | F10: 0.7658 | G10: 7

Sheet Abb-Subject-wise
A1: Subject-Wise Pass Percentage — HSSC Class 12th (2024–2025)
A2: Source: BISE Abbottabad Result at a Glance, HSSC 2024 and 2025 gazettes (subject-wise page). Pass % as published. 2026 subject-wise page not yet supplied.
A4: Year | B4: Subject | C4: Appeared | D4: Passed | E4: Pass %
A5: 2024 | B5: English | C5: 36796 | D5: 35053 | E5: 0.9526
A6: 2024 | B6: Ethics | C6: 3 | D6: 3 | E6: 1
A7: 2024 | B7: Urdu (Comp) | C7: 36442 | D7: 35376 | E7: 0.9707
A8: 2024 | B8: Pakistani Culture | C8: 7 | D8: 7 | E8: 1
A9: 2024 | B9: Clothing & Related Arts | C9: 7 | D9: 7 | E9: 1
A10: 2024 | B10: Home Managment | C10: 7 | D10: 7 | E10: 1
A11: 2024 | B11: Food And Nutrition | C11: 7 | D11: 7 | E11: 1
A12: 2024 | B12: Pakistan Studies | C12: 36399 | D12: 35852 | E12: 0.985
A13: 2024 | B13: Education | C13: 684 | D13: 634 | E13: 0.9269
A14: 2024 | B14: Islamic History | C14: 6537 | D14: 6319 | E14: 0.9667
A15: 2024 | B15: Economics | C15: 1755 | D15: 1693 | E15: 0.9647
A16: 2024 | B16: Psychology | C16: 374 | D16: 370 | E16: 0.9893
... A67: 2025 | B67: Urdu (Advance) | C67: 1032 | D67: 974 | E67: 0.9438

Sheet BWP Year-over-Year Summary
A1: BISE Bahawalpur — HSSC First Annual (Part I & II Combined): Year-over-Year Summary (2024-2026)
A2: 2024, 2025 and 2026 gazettes supplied. Appeared excludes absent/cancelled roll numbers (2026: 61,668 applied, 1,076 absent/cancelled; 2025 absent/applied counts not on the supplied pages).
A4: Year | B4: Regular Appeared | C4: Regular Passed | D4: Regular Pass % | E4: Private Appeared | F4: Private Passed | G4: Private Pass % | H4: Total Appeared | I4: Total Passed | J4: Overall Pass %
A5: 2024 | B5: 44022 | C5: 29597 | D5: 67.23 | E5: 13638 | F5: 5092 | G5: 37.34 | H5: 57660 | I5: 34689 | J5: 60.16
A6: 2025 | B6: 43591 | C6: 30230 | D6: 69.35 | E6: 12136 | F6: 5174 | G6: 42.63 | H6: 55727 | I6: 35404 | J6: 63.53
A7: 2026 | B7: 48249 | C7: 31850 | D7: 66.01 | E7: 12343 | F7: 4454 | G7: 36.09 | H7: 60592 | I7: 36304 | J7: 59.92

Sheet BWP 2024 Result at a Glance
A1: BOARD OF INTERMEDIATE AND SECONDARY EDUCATION BAHAWALPUR — Result at a Glance, Intermediate Part I & II Combined (First Annual) 2024
A2: Item E in the gazette is labelled "Total number of candidates who appeared" but the values (67.23 / 37.34 / 60.16) are pass percentages, so it is labelled "Pass percentage" here.
A4: Item | B4: Category | C4: Value
A5: Total number of candidates who applied for admission | C5: 58608
A6: Total number of absent candidates & Cancelled Roll No | C6: 948
A7: Total number of candidates who appeared | B7: Regular | C7: 44022
A8: Total number of candidates who appeared | B8: Private | C8: 13638
A9: Total number of candidates who appeared | B9: Total | C9: 57660
A10: Number of successful candidates | B10: Regular | C10: 29597
A11: Number of successful candidates | B11: Private | C11: 5092
A12: Number of successful candidates | B12: Total | C12: 34689
A13: Pass percentage | B13: Regular | C13: 67.23
A14: Pass percentage | B14: Private | C14: 37.34
A15: Pass percentage | B15: Overall | C15: 60.16

Sheet BWP 2024 Regular (Govt.)
A1: BISE Bahawalpur — General Pass Percentage — Regular (Govt.) — Intermediate Part I & II Combined (First Annual) 2024
A2: Source: BISE Bahawalpur Result at a Glance, Intermediate Part I & II Combined (First Annual) 2024 gazette. Pass % as published.
A4: Group | B4: Gender | C4: Appeared | D4: Pass | E4: Pass % | F4: A+ | G4: A | H4: B | I4: C | J4: D | K4: E
A5: Pre Medical | B5: Male | C5: 1430 | D5: 1109 | E5: 77.55 | F5: 209 | G5: 240 | H5: 343 | I5: 283 | J5: 34 | K5: 0
A6: Pre Medical | B6: Female | C6: 3453 | D6: 2821 | E6: 81.7 | F6: 394 | G6: 645 | H6: 1065 | I6: 679 | J6: 38 | K6: 0
A7: Pre Medical | B7: Total | C7: 4883 | D7: 3930 | E7: 80.48 | F7: 603 | G7: 885 | H7: 1408 | I7: 962 | J7: 72 | K7: 0
A8: Pre Engineering | B8: Male | C8: 471 | D8: 330 | E8: 70.06 | F8: 35 | G8: 62 | H8: 108 | I8: 105 | J8: 20 | K8: 0
A9: Pre Engineering | B9: Female | C9: 356 | D9: 285 | E9: 80.06 | F9: 27 | G9: 57 | H9: 108 | I9: 84 | J9: 9 | K9: 0
A10: Pre Engineering | B10: Total | C10: 827 | D10: 615 | E10: 74.37 | F10: 62 | G10: 119 | H10: 216 | I10: 189 | J10: 29 | K10: 0
A11: General Science | B11: Male | C11: 2262 | D11: 1005 | E11: 44.43 | F11: 24 | G11: 134 | H11: 319 | I11: 433 | J11: 95 | K11: 0
A12: General Science | B12: Female | C12: 2506 | D12: 1493 | E12: 59.58 | F12: 54 | G12: 212 | H12: 566 | I12: 600 | J12: 61 | K12: 0
A13: General Science | B13: Total | C13: 4768 | D13: 2498 | E13: 52.39 | F13: 78 | G13: 346 | H13: 885 | I13: 1033 | J13: 156 | K13: 0
A14: Humanities | B14: Male | C14: 3924 | D14: 1386 | E14: 35.32 | F14: 23 | G14: 185 | H14: 554 | I14: 510 | J14: 113 | K14: 1
A15: Humanities | B15: Female | C15: 6310 | D15: 3399 | E15: 53.87 | F15: 98 | G15: 677 | H15: 1439 | I15: 1050 | J15: 134 | K15: 1
A16: Humanities | B16: Total | C16: 10234 | D16: 4785 | E16: 46.76 | F16: 121 | G16: 862 | H16: 1993 | I16: 1560 | J16: 247 | K16: 2
... A22: Total | B22: Total | C22: 20763 | D22: 11856 | E22: 57.1 | F22: 866 | G22: 2213 | H22: 4518 | I22: 3753 | J22: 504 | K22: 2

Sheet BWP 2024 Regular (Affiliated)
A1: BISE Bahawalpur — General Pass Percentage — Regular (Affiliated) — Intermediate Part I & II Combined (First Annual) 2024
A2: Source: BISE Bahawalpur Result at a Glance, Intermediate Part I & II Combined (First Annual) 2024 gazette. Pass % as published.
A4: Group | B4: Gender | C4: Appeared | D4: Pass | E4: Pass % | F4: A+ | G4: A | H4: B | I4: C | J4: D | K4: E
A5: Pre Medical | B5: Male | C5: 3678 | D5: 3150 | E5: 85.64 | F5: 842 | G5: 781 | H5: 883 | I5: 593 | J5: 51 | K5: 0
A6: Pre Medical | B6: Female | C6: 7638 | D6: 6904 | E6: 90.39 | F6: 2173 | G6: 2095 | H6: 1747 | I6: 851 | J6: 38 | K6: 0
A7: Pre Medical | B7: Total | C7: 11316 | D7: 10054 | E7: 88.85 | F7: 3015 | G7: 2876 | H7: 2630 | I7: 1444 | J7: 89 | K7: 0
A8: Pre Engineering | B8: Male | C8: 1181 | D8: 947 | E8: 80.19 | F8: 162 | G8: 238 | H8: 293 | I8: 229 | J8: 25 | K8: 0
A9: Pre Engineering | B9: Female | C9: 681 | D9: 595 | E9: 87.37 | F9: 137 | G9: 192 | H9: 180 | I9: 83 | J9: 3 | K9: 0
A10: Pre Engineering | B10: Total | C10: 1862 | D10: 1542 | E10: 82.81 | F10: 299 | G10: 430 | H10: 473 | I10: 312 | J10: 28 | K10: 0
A11: General Science | B11: Male | C11: 3601 | D11: 2052 | E11: 56.98 | F11: 140 | G11: 382 | H11: 702 | I11: 710 | J11: 118 | K11: 0
A12: General Science | B12: Female | C12: 2544 | D12: 1845 | E12: 72.52 | F12: 176 | G12: 472 | H12: 672 | I12: 480 | J12: 45 | K12: 0
A13: General Science | B13: Total | C13: 6145 | D13: 3897 | E13: 63.42 | F13: 316 | G13: 854 | H13: 1374 | I13: 1190 | J13: 163 | K13: 0
A14: Humanities | B14: Male | C14: 1809 | D14: 848 | E14: 46.88 | F14: 21 | G14: 85 | H14: 317 | I14: 323 | J14: 102 | K14: 0
A15: Humanities | B15: Female | C15: 1985 | D15: 1301 | E15: 65.54 | F15: 64 | G15: 354 | H15: 545 | I15: 314 | J15: 24 | K15: 0
A16: Humanities | B16: Total | C16: 3794 | D16: 2149 | E16: 56.64 | F16: 85 | G16: 439 | H16: 862 | I16: 637 | J16: 126 | K16: 0
... A22: Total | B22: Total | C22: 23259 | D22: 17741 | E22: 76.28 | F22: 3732 | G22: 4629 | H22: 5371 | I22: 3599 | J22: 410 | K22: 0

Sheet BWP 2024 Total (Regular)
A1: BISE Bahawalpur — General Pass Percentage — Total (Regular) — Intermediate Part I & II Combined (First Annual) 2024
A2: Source: BISE Bahawalpur Result at a Glance, Intermediate Part I & II Combined (First Annual) 2024 gazette. Pass % as published.
A4: Group | B4: Gender | C4: Appeared | D4: Pass | E4: Pass % | F4: A+ | G4: A | H4: B | I4: C | J4: D | K4: E
A5: Pre Medical | B5: Male | C5: 5108 | D5: 4259 | E5: 83.38 | F5: 1051 | G5: 1021 | H5: 1226 | I5: 876 | J5: 85 | K5: 0
A6: Pre Medical | B6: Female | C6: 11091 | D6: 9725 | E6: 87.68 | F6: 2567 | G6: 2740 | H6: 2812 | I6: 1530 | J6: 76 | K6: 0
A7: Pre Medical | B7: Total | C7: 16199 | D7: 13984 | E7: 86.33 | F7: 3618 | G7: 3761 | H7: 4038 | I7: 2406 | J7: 161 | K7: 0
A8: Pre Engineering | B8: Male | C8: 1652 | D8: 1277 | E8: 77.3 | F8: 197 | G8: 300 | H8: 401 | I8: 334 | J8: 45 | K8: 0
A9: Pre Engineering | B9: Female | C9: 1037 | D9: 880 | E9: 84.86 | F9: 164 | G9: 249 | H9: 288 | I9: 167 | J9: 12 | K9: 0
A10: Pre Engineering | B10: Total | C10: 2689 | D10: 2157 | E10: 80.22 | F10: 361 | G10: 549 | H10: 689 | I10: 501 | J10: 57 | K10: 0
A11: General Science | B11: Male | C11: 5863 | D11: 3057 | E11: 52.14 | F11: 164 | G11: 516 | H11: 1021 | I11: 1143 | J11: 213 | K11: 0
A12: General Science | B12: Female | C12: 5050 | D12: 3338 | E12: 66.1 | F12: 230 | G12: 684 | H12: 1238 | I12: 1080 | J12: 106 | K12: 0
A13: General Science | B13: Total | C13: 10913 | D13: 6395 | E13: 58.6 | F13: 394 | G13: 1200 | H13: 2259 | I13: 2223 | J13: 319 | K13: 0
A14: Humanities | B14: Male | C14: 5733 | D14: 2234 | E14: 38.97 | F14: 44 | G14: 270 | H14: 871 | I14: 833 | J14: 215 | K14: 1
A15: Humanities | B15: Female | C15: 8295 | D15: 4700 | E15: 56.66 | F15: 162 | G15: 1031 | H15: 1984 | I15: 1364 | J15: 158 | K15: 1
A16: Humanities | B16: Total | C16: 14028 | D16: 6934 | E16: 49.43 | F16: 206 | G16: 1301 | H16: 2855 | I16: 2197 | J16: 373 | K16: 2
... A22: Total | B22: Total | C22: 44022 | D22: 29597 | E22: 67.23 | F22: 4598 | G22: 6842 | H22: 9889 | I22: 7352 | J22: 914 | K22: 2

Sheet BWP 2024 Private
A1: BISE Bahawalpur — General Pass Percentage — Private — Intermediate Part I & II Combined (First Annual) 2024
A2: Source: BISE Bahawalpur Result at a Glance, Intermediate Part I & II Combined (First Annual) 2024 gazette. Pass % as published.
A4: Group | B4: Gender | C4: Appeared | D4: Pass | E4: Pass % | F4: A+ | G4: A | H4: B | I4: C | J4: D | K4: E
A5: Pre Medical | B5: Male | C5: 1145 | D5: 629 | E5: 54.93 | F5: 225 | G5: 53 | H5: 52 | I5: 146 | J5: 150 | K5: 3
A6: Pre Medical | B6: Female | C6: 1688 | D6: 1136 | E6: 67.3 | F6: 540 | G6: 106 | H6: 94 | I6: 245 | J6: 149 | K6: 2
A7: Pre Medical | B7: Total | C7: 2833 | D7: 1765 | E7: 62.3 | F7: 765 | G7: 159 | H7: 146 | I7: 391 | J7: 299 | K7: 5
A8: Pre Engineering | B8: Male | C8: 444 | D8: 183 | E8: 41.22 | F8: 3 | G8: 12 | H8: 19 | I8: 55 | J8: 90 | K8: 4
A9: Pre Engineering | B9: Female | C9: 147 | D9: 65 | E9: 44.22 | F9: 2 | G9: 6 | H9: 9 | I9: 23 | J9: 23 | K9: 2
A10: Pre Engineering | B10: Total | C10: 591 | D10: 248 | E10: 41.96 | F10: 5 | G10: 18 | H10: 28 | I10: 78 | J10: 113 | K10: 6
A11: General Science | B11: Male | C11: 1066 | D11: 328 | E11: 30.77 | F11: 0 | G11: 6 | H11: 18 | I11: 96 | J11: 200 | K11: 8
A12: General Science | B12: Female | C12: 631 | D12: 236 | E12: 37.4 | F12: 1 | G12: 1 | H12: 11 | I12: 92 | J12: 129 | K12: 2
A13: General Science | B13: Total | C13: 1697 | D13: 564 | E13: 33.24 | F13: 1 | G13: 7 | H13: 29 | I13: 188 | J13: 329 | K13: 10
A14: Humanities | B14: Male | C14: 4733 | D14: 1148 | E14: 24.26 | F14: 17 | G14: 77 | H14: 236 | I14: 468 | J14: 323 | K14: 27
A15: Humanities | B15: Female | C15: 3672 | D15: 1334 | E15: 36.33 | F15: 33 | G15: 163 | H15: 430 | I15: 473 | J15: 219 | K15: 16
A16: Humanities | B16: Total | C16: 8405 | D16: 2482 | E16: 29.53 | F16: 50 | G16: 240 | H16: 666 | I16: 941 | J16: 542 | K16: 43
... A22: Total | B22: Total | C22: 13638 | D22: 5092 | E22: 37.34 | F22: 821 | G22: 425 | H22: 878 | I22: 1608 | J22: 1296 | K22: 64

Sheet BWP 2024 Grand Total
A1: BISE Bahawalpur — General Pass Percentage — Grand Total (Regular + Private) — Intermediate Part I & II Combined (First Annual) 2024
A2: Source: BISE Bahawalpur Result at a Glance, Intermediate Part I & II Combined (First Annual) 2024 gazette. Pass % as published.
A4: Group | B4: Gender | C4: Appeared | D4: Pass | E4: Pass % | F4: A+ | G4: A | H4: B | I4: C | J4: D | K4: E
A5: Pre Medical | B5: Male | C5: 6253 | D5: 4888 | E5: 78.17 | F5: 1276 | G5: 1074 | H5: 1278 | I5: 1022 | J5: 235 | K5: 3
A6: Pre Medical | B6: Female | C6: 12779 | D6: 10861 | E6: 84.99 | F6: 3107 | G6: 2846 | H6: 2906 | I6: 1775 | J6: 225 | K6: 2
A7: Pre Medical | B7: Total | C7: 19032 | D7: 15749 | E7: 82.75 | F7: 4383 | G7: 3920 | H7: 4184 | I7: 2797 | J7: 460 | K7: 5
A8: Pre Engineering | B8: Male | C8: 2096 | D8: 1460 | E8: 69.66 | F8: 200 | G8: 312 | H8: 420 | I8: 389 | J8: 135 | K8: 4
A9: Pre Engineering | B9: Female | C9: 1184 | D9: 945 | E9: 79.81 | F9: 166 | G9: 255 | H9: 297 | I9: 190 | J9: 35 | K9: 2
A10: Pre Engineering | B10: Total | C10: 3280 | D10: 2405 | E10: 73.32 | F10: 366 | G10: 567 | H10: 717 | I10: 579 | J10: 170 | K10: 6
A11: General Science | B11: Male | C11: 6929 | D11: 3385 | E11: 48.85 | F11: 164 | G11: 522 | H11: 1039 | I11: 1239 | J11: 413 | K11: 8
A12: General Science | B12: Female | C12: 5681 | D12: 3574 | E12: 62.91 | F12: 231 | G12: 685 | H12: 1249 | I12: 1172 | J12: 235 | K12: 2
A13: General Science | B13: Total | C13: 12610 | D13: 6959 | E13: 55.19 | F13: 395 | G13: 1207 | H13: 2288 | I13: 2411 | J13: 648 | K13: 10
A14: Humanities | B14: Male | C14: 10466 | D14: 3382 | E14: 32.31 | F14: 61 | G14: 347 | H14: 1107 | I14: 1301 | J14: 538 | K14: 28
A15: Humanities | B15: Female | C15: 11967 | D15: 6034 | E15: 50.42 | F15: 195 | G15: 1194 | H15: 2414 | I15: 1837 | J15: 377 | K15: 17
A16: Humanities | B16: Total | C16: 22433 | D16: 9416 | E16: 41.97 | F16: 256 | G16: 1541 | H16: 3521 | I16: 3138 | J16: 915 | K16: 45
... A22: Total | B22: Total | C22: 57660 | D22: 34689 | E22: 60.16 | F22: 5419 | G22: 7267 | H22: 10767 | I22: 8960 | J22: 2210 | K22: 66

Sheet BWP 2024 District Wise Pass %
A1: BISE Bahawalpur — District Wise Pass Percentage (2022 - 2024) — Intermediate First Annual
A2: Source: 2024 gazette (district table also lists 2022 and 2023 for comparison). Pass % as published.
A4: Year | B4: District | C4: Male Appeared | D4: Male Passed | E4: Male % | F4: Female Appeared | G4: Female Passed | H4: Female % | I4: Total Appeared | J4: Total Passed | K4: Total %
A5: 2024 | B5: Bahawalpur | C5: 9069 | D5: 4768 | E5: 52.57 | F5: 11017 | G5: 7742 | H5: 70.27 | I5: 20086 | J5: 12510 | K5: 62.28
A6: 2024 | B6: Bahawalnagar | C6: 7220 | D6: 3401 | E6: 47.11 | F6: 9304 | G6: 6071 | H6: 65.25 | I6: 16524 | J6: 9472 | K6: 57.32
A7: 2024 | B7: Rahimyar Khan | C7: 9687 | D7: 5049 | E7: 52.12 | F7: 11363 | G7: 7658 | H7: 67.39 | I7: 21050 | J7: 12707 | K7: 60.37
A8: 2024 | B8: Total | C8: 25976 | D8: 13218 | E8: 50.89 | F8: 31684 | G8: 21471 | H8: 67.77 | I8: 57660 | J8: 34689 | K8: 60.16
A9: 2023 | B9: Bahawalpur | C9: 9206 | D9: 4645 | E9: 50.46 | F9: 10417 | G9: 6977 | H9: 66.98 | I9: 19623 | J9: 11622 | K9: 59.23
A10: 2023 | B10: Bahawalnagar | C10: 7190 | D10: 3248 | E10: 45.17 | F10: 9132 | G10: 5693 | H10: 62.34 | I10: 16322 | J10: 8941 | K10: 54.78
A11: 2023 | B11: Rahimyar Khan | C11: 9943 | D11: 4907 | E11: 49.35 | F11: 11555 | G11: 7541 | H11: 65.26 | I11: 21498 | J11: 12448 | K11: 57.9
A12: 2023 | B12: Total | C12: 26339 | D12: 12800 | E12: 48.6 | F12: 31104 | G12: 20211 | H12: 64.98 | I12: 57443 | J12: 33011 | K12: 57.47
A13: 2022 | B13: Bahawalpur | C13: 7925 | D13: 5514 | E13: 69.58 | F13: 9267 | G13: 7864 | H13: 84.86 | I13: 17192 | J13: 13378 | K13: 77.82
A14: 2022 | B14: Bahawalnagar | C14: 5976 | D14: 4101 | E14: 68.62 | F14: 7856 | G14: 6688 | H14: 85.13 | I14: 13832 | J14: 10789 | K14: 78
A15: 2022 | B15: Rahimyar Khan | C15: 8110 | D15: 5433 | E15: 66.99 | F15: 9315 | G15: 7558 | H15: 81.14 | I15: 17425 | J15: 12991 | K15: 74.55
A16: 2022 | B16: Total | C16: 22011 | D16: 15048 | E16: 68.37 | F16: 26438 | G16: 22110 | H16: 83.63 | I16: 48449 | J16: 37158 | K16: 76.7

Sheet BWP 2024 Subject Wise Pass %
A1: BISE Bahawalpur — Subject Wise Pass Percentage — Intermediate Part I & II Combined (First Annual) 2024
A2: Source: BISE Bahawalpur Result at a Glance, Intermediate Part I & II Combined (First Annual) 2024 gazette. Pass % as published. Entries kept exactly as published: "Ethics-I (For Non Muslims)" appears twice (Sr. 26 & 27); two History of Islam-II names are truncated in the gazette.
A4: Year | B4: Subject Name | C4: Appeared | D4: Passed | E4: Pass %
A5: 2024 | B5: Arabic-I | C5: 136 | D5: 122 | E5: 89.71
A6: 2024 | B6: Arabic-II | C6: 1467 | D6: 1402 | E6: 95.57
A7: 2024 | B7: Banking | C7: 239 | D7: 239 | E7: 100
A8: 2024 | B8: Biology-I | C8: 3504 | D8: 2376 | E8: 67.81
A9: 2024 | B9: Biology-II | C9: 17493 | D9: 15940 | E9: 91.12
A10: 2024 | B10: Business Mathematics | C10: 14 | D10: 12 | E10: 85.71
A11: 2024 | B11: Business Statistics | C11: 244 | D11: 218 | E11: 89.34
A12: 2024 | B12: Chemistry-I | C12: 3953 | D12: 1836 | E12: 46.45
A13: 2024 | B13: Chemistry-II | C13: 20881 | D13: 17787 | E13: 85.18
A14: 2024 | B14: Civics-I | C14: 1151 | D14: 1047 | E14: 90.96
A15: 2024 | B15: Civics-I (For Non Muslims) | C15: 0 | D15: 0 | E15: 0
A16: 2024 | B16: Civics-II | C16: 3952 | D16: 3477 | E16: 87.98
... A86: 2024 | B86: Urdu-II | C86: 48832 | D86: 47485 | E86: 97.24

Sheet BWP 2025 Regular (Govt.)
A1: BISE Bahawalpur — General Pass Percentage — Regular (Govt.) — Intermediate Part I & II Combined (First Annual) 2025
A2: Source: BISE Bahawalpur Result Gazette, Intermediate Part I & II Combined (First Annual) 2025 (supplied PDF). Pass % as published.
A4: Group | B4: Gender | C4: Appeared | D4: Pass | E4: Pass % | F4: A+ | G4: A | H4: B | I4: C | J4: D | K4: E
A5: Pre Medical | B5: Male | C5: 977 | D5: 667 | E5: 68.27 | F5: 106 | G5: 148 | H5: 198 | I5: 193 | J5: 22 | K5: 0
A6: Pre Medical | B6: Female | C6: 2734 | D6: 2281 | E6: 83.43 | F6: 394 | G6: 577 | H6: 814 | I6: 473 | J6: 23 | K6: 0
A7: Pre Medical | B7: Total | C7: 3711 | D7: 2948 | E7: 79.44 | F7: 500 | G7: 725 | H7: 1012 | I7: 666 | J7: 45 | K7: 0
A8: Pre Engineering | B8: Male | C8: 307 | D8: 211 | E8: 68.73 | F8: 38 | G8: 44 | H8: 58 | I8: 55 | J8: 16 | K8: 0
A9: Pre Engineering | B9: Female | C9: 232 | D9: 194 | E9: 83.62 | F9: 28 | G9: 48 | H9: 69 | I9: 44 | J9: 5 | K9: 0
A10: Pre Engineering | B10: Total | C10: 539 | D10: 405 | E10: 75.14 | F10: 66 | G10: 92 | H10: 127 | I10: 99 | J10: 21 | K10: 0
A11: General Science | B11: Male | C11: 2583 | D11: 1300 | E11: 50.33 | F11: 73 | G11: 150 | H11: 465 | I11: 501 | J11: 111 | K11: 0
A12: General Science | B12: Female | C12: 2670 | D12: 1800 | E12: 67.42 | F12: 92 | G12: 326 | H12: 740 | I12: 573 | J12: 69 | K12: 0
A13: General Science | B13: Total | C13: 5253 | D13: 3100 | E13: 59.01 | F13: 165 | G13: 476 | H13: 1205 | I13: 1074 | J13: 180 | K13: 0
A14: Humanities | B14: Male | C14: 3745 | D14: 1420 | E14: 37.92 | F14: 30 | G14: 148 | H14: 507 | I14: 566 | J14: 167 | K14: 2
A15: Humanities | B15: Female | C15: 6756 | D15: 4164 | E15: 61.63 | F15: 155 | G15: 896 | H15: 1779 | I15: 1143 | J15: 186 | K15: 5
A16: Humanities | B16: Total | C16: 10501 | D16: 5584 | E16: 53.18 | F16: 185 | G16: 1044 | H16: 2286 | I16: 1709 | J16: 353 | K16: 7
... A22: Total | B22: Total | C22: 20073 | D22: 12087 | E22: 60.22 | F22: 918 | G22: 2348 | H22: 4644 | I22: 3564 | J22: 606 | K22: 7

Sheet BWP 2025 Regular (Affiliated)
A1: BISE Bahawalpur — General Pass Percentage — Regular (Affiliated) — Intermediate Part I & II Combined (First Annual) 2025
A2: Source: BISE Bahawalpur Result Gazette, Intermediate Part I & II Combined (First Annual) 2025 (supplied PDF). Pass % as published.
A4: Group | B4: Gender | C4: Appeared | D4: Pass | E4: Pass % | F4: A+ | G4: A | H4: B | I4: C | J4: D | K4: E
A5: Pre Medical | B5: Male | C5: 2488 | D5: 2059 | E5: 82.76 | F5: 555 | G5: 520 | H5: 567 | I5: 378 | J5: 39 | K5: 0
A6: Pre Medical | B6: Female | C6: 6409 | D6: 5757 | E6: 89.83 | F6: 1972 | G6: 1685 | H6: 1463 | I6: 604 | J6: 32 | K6: 1
A7: Pre Medical | B7: Total | C7: 8897 | D7: 7816 | E7: 87.85 | F7: 2527 | G7: 2205 | H7: 2030 | I7: 982 | J7: 71 | K7: 1
A8: Pre Engineering | B8: Male | C8: 888 | D8: 758 | E8: 85.36 | F8: 175 | G8: 207 | H8: 230 | I8: 125 | J8: 21 | K8: 0
A9: Pre Engineering | B9: Female | C9: 528 | D9: 485 | E9: 91.86 | F9: 130 | G9: 163 | H9: 126 | I9: 62 | J9: 4 | K9: 0
A10: Pre Engineering | B10: Total | C10: 1416 | D10: 1243 | E10: 87.78 | F10: 305 | G10: 370 | H10: 356 | I10: 187 | J10: 25 | K10: 0
A11: General Science | B11: Male | C11: 4255 | D11: 2799 | E11: 65.78 | F11: 270 | G11: 582 | H11: 933 | I11: 838 | J11: 176 | K11: 0
A12: General Science | B12: Female | C12: 3847 | D12: 3039 | E12: 79 | F12: 483 | G12: 894 | H12: 1098 | I12: 522 | J12: 42 | K12: 0
A13: General Science | B13: Total | C13: 8102 | D13: 5838 | E13: 72.06 | F13: 753 | G13: 1476 | H13: 2031 | I13: 1360 | J13: 218 | K13: 0
A14: Humanities | B14: Male | C14: 2121 | D14: 1047 | E14: 49.36 | F14: 15 | G14: 113 | H14: 319 | I14: 415 | J14: 181 | K14: 4
A15: Humanities | B15: Female | C15: 2859 | D15: 2114 | E15: 73.94 | F15: 108 | G15: 534 | H15: 894 | I15: 504 | J15: 74 | K15: 0
A16: Humanities | B16: Total | C16: 4980 | D16: 3161 | E16: 63.47 | F16: 123 | G16: 647 | H16: 1213 | I16: 919 | J16: 255 | K16: 4
... A22: Total | B22: Total | C22: 23518 | D22: 18143 | E22: 77.15 | F22: 3715 | G22: 4718 | H22: 5653 | I22: 3473 | J22: 579 | K22: 5

Sheet BWP 2025 Total (Regular)
A1: BISE Bahawalpur — General Pass Percentage — Total (Regular) — Intermediate Part I & II Combined (First Annual) 2025
A2: Source: BISE Bahawalpur Result Gazette, Intermediate Part I & II Combined (First Annual) 2025 (supplied PDF). Pass % as published.
A4: Group | B4: Gender | C4: Appeared | D4: Pass | E4: Pass % | F4: A+ | G4: A | H4: B | I4: C | J4: D | K4: E
A5: Pre Medical | B5: Male | C5: 3465 | D5: 2726 | E5: 78.67 | F5: 661 | G5: 668 | H5: 765 | I5: 571 | J5: 61 | K5: 0
A6: Pre Medical | B6: Female | C6: 9143 | D6: 8038 | E6: 87.91 | F6: 2366 | G6: 2262 | H6: 2277 | I6: 1077 | J6: 55 | K6: 1
A7: Pre Medical | B7: Total | C7: 12608 | D7: 10764 | E7: 85.37 | F7: 3027 | G7: 2930 | H7: 3042 | I7: 1648 | J7: 116 | K7: 1
A8: Pre Engineering | B8: Male | C8: 1195 | D8: 969 | E8: 81.09 | F8: 213 | G8: 251 | H8: 288 | I8: 180 | J8: 37 | K8: 0
A9: Pre Engineering | B9: Female | C9: 760 | D9: 679 | E9: 89.34 | F9: 158 | G9: 211 | H9: 195 | I9: 106 | J9: 9 | K9: 0
A10: Pre Engineering | B10: Total | C10: 1955 | D10: 1648 | E10: 84.3 | F10: 371 | G10: 462 | H10: 483 | I10: 286 | J10: 46 | K10: 0
A11: General Science | B11: Male | C11: 6838 | D11: 4099 | E11: 59.94 | F11: 343 | G11: 732 | H11: 1398 | I11: 1339 | J11: 287 | K11: 0
A12: General Science | B12: Female | C12: 6517 | D12: 4839 | E12: 74.25 | F12: 575 | G12: 1220 | H12: 1838 | I12: 1095 | J12: 111 | K12: 0
A13: General Science | B13: Total | C13: 13355 | D13: 8938 | E13: 66.93 | F13: 918 | G13: 1952 | H13: 3236 | I13: 2434 | J13: 398 | K13: 0
A14: Humanities | B14: Male | C14: 5866 | D14: 2467 | E14: 42.06 | F14: 45 | G14: 261 | H14: 826 | I14: 981 | J14: 348 | K14: 6
A15: Humanities | B15: Female | C15: 9615 | D15: 6278 | E15: 65.29 | F15: 263 | G15: 1430 | H15: 2673 | I15: 1647 | J15: 260 | K15: 5
A16: Humanities | B16: Total | C16: 15481 | D16: 8745 | E16: 56.49 | F16: 308 | G16: 1691 | H16: 3499 | I16: 2628 | J16: 608 | K16: 11
... A22: Total | B22: Total | C22: 43591 | D22: 30230 | E22: 69.35 | F22: 4633 | G22: 7066 | H22: 10297 | I22: 7037 | J22: 1185 | K22: 12

Sheet BWP 2025 Private
A1: BISE Bahawalpur — General Pass Percentage — Private — Intermediate Part I & II Combined (First Annual) 2025
A2: Source: BISE Bahawalpur Result Gazette, Intermediate Part I & II Combined (First Annual) 2025 (supplied PDF). Pass % as published.
A4: Group | B4: Gender | C4: Appeared | D4: Pass | E4: Pass % | F4: A+ | G4: A | H4: B | I4: C | J4: D | K4: E
A5: Pre Medical | B5: Male | C5: 798 | D5: 500 | E5: 62.66 | F5: 284 | G5: 27 | H5: 53 | I5: 91 | J5: 45 | K5: 0
A6: Pre Medical | B6: Female | C6: 1594 | D6: 1177 | E6: 73.84 | F6: 687 | G6: 137 | H6: 92 | I6: 197 | J6: 64 | K6: 0
A7: Pre Medical | B7: Total | C7: 2392 | D7: 1677 | E7: 70.11 | F7: 971 | G7: 164 | H7: 145 | I7: 288 | J7: 109 | K7: 0
A8: Pre Engineering | B8: Male | C8: 249 | D8: 122 | E8: 49 | F8: 11 | G8: 5 | H8: 24 | I8: 39 | J8: 40 | K8: 3
A9: Pre Engineering | B9: Female | C9: 94 | D9: 48 | E9: 51.06 | F9: 8 | G9: 2 | H9: 3 | I9: 19 | J9: 13 | K9: 3
A10: Pre Engineering | B10: Total | C10: 343 | D10: 170 | E10: 49.56 | F10: 19 | G10: 7 | H10: 27 | I10: 58 | J10: 53 | K10: 6
A11: General Science | B11: Male | C11: 1128 | D11: 412 | E11: 36.52 | F11: 0 | G11: 1 | H11: 26 | I11: 217 | J11: 164 | K11: 4
A12: General Science | B12: Female | C12: 685 | D12: 265 | E12: 38.69 | F12: 0 | G12: 6 | H12: 28 | I12: 165 | J12: 65 | K12: 1
A13: General Science | B13: Total | C13: 1813 | D13: 677 | E13: 37.34 | F13: 0 | G13: 7 | H13: 54 | I13: 382 | J13: 229 | K13: 5
A14: Humanities | B14: Male | C14: 3893 | D14: 1006 | E14: 25.84 | F14: 4 | G14: 63 | H14: 259 | I14: 437 | J14: 234 | K14: 9
A15: Humanities | B15: Female | C15: 3609 | D15: 1624 | E15: 45 | F15: 23 | G15: 215 | H15: 588 | I15: 630 | J15: 167 | K15: 1
A16: Humanities | B16: Total | C16: 7502 | D16: 2630 | E16: 35.06 | F16: 27 | G16: 278 | H16: 847 | I16: 1067 | J16: 401 | K16: 10
... A22: Total | B22: Total | C22: 12136 | D22: 5174 | E22: 42.63 | F22: 1018 | G22: 456 | H22: 1079 | I22: 1800 | J22: 799 | K22: 22

Sheet BWP 2025 Grand Total
A1: BISE Bahawalpur — General Pass Percentage — Grand Total (Regular + Private) — Intermediate Part I & II Combined (First Annual) 2025
A2: Source: BISE Bahawalpur Result Gazette, Intermediate Part I & II Combined (First Annual) 2025 (supplied PDF). Pass % as published.
A4: Group | B4: Gender | C4: Appeared | D4: Pass | E4: Pass % | F4: A+ | G4: A | H4: B | I4: C | J4: D | K4: E
A5: Pre Medical | B5: Male | C5: 4263 | D5: 3226 | E5: 75.67 | F5: 945 | G5: 695 | H5: 818 | I5: 662 | J5: 106 | K5: 0
A6: Pre Medical | B6: Female | C6: 10737 | D6: 9215 | E6: 85.82 | F6: 3053 | G6: 2399 | H6: 2369 | I6: 1274 | J6: 119 | K6: 1
A7: Pre Medical | B7: Total | C7: 15000 | D7: 12441 | E7: 82.94 | F7: 3998 | G7: 3094 | H7: 3187 | I7: 1936 | J7: 225 | K7: 1
A8: Pre Engineering | B8: Male | C8: 1444 | D8: 1091 | E8: 75.55 | F8: 224 | G8: 256 | H8: 312 | I8: 219 | J8: 77 | K8: 3
A9: Pre Engineering | B9: Female | C9: 854 | D9: 727 | E9: 85.13 | F9: 166 | G9: 213 | H9: 198 | I9: 125 | J9: 22 | K9: 3
A10: Pre Engineering | B10: Total | C10: 2298 | D10: 1818 | E10: 79.11 | F10: 390 | G10: 469 | H10: 510 | I10: 344 | J10: 99 | K10: 6
A11: General Science | B11: Male | C11: 7966 | D11: 4511 | E11: 56.63 | F11: 343 | G11: 733 | H11: 1424 | I11: 1556 | J11: 451 | K11: 4
A12: General Science | B12: Female | C12: 7202 | D12: 5104 | E12: 70.87 | F12: 575 | G12: 1226 | H12: 1866 | I12: 1260 | J12: 176 | K12: 1
A13: General Science | B13: Total | C13: 15168 | D13: 9615 | E13: 63.39 | F13: 918 | G13: 1959 | H13: 3290 | I13: 2816 | J13: 627 | K13: 5
A14: Humanities | B14: Male | C14: 9759 | D14: 3473 | E14: 35.59 | F14: 49 | G14: 324 | H14: 1085 | I14: 1418 | J14: 582 | K14: 15
A15: Humanities | B15: Female | C15: 13224 | D15: 7902 | E15: 59.75 | F15: 286 | G15: 1645 | H15: 3261 | I15: 2277 | J15: 427 | K15: 6
A16: Humanities | B16: Total | C16: 22983 | D16: 11375 | E16: 49.49 | F16: 335 | G16: 1969 | H16: 4346 | I16: 3695 | J16: 1009 | K16: 21
... A22: Total | B22: Total | C22: 55727 | D22: 35404 | E22: 63.53 | F22: 5651 | G22: 7522 | H22: 11376 | I22: 8837 | J22: 1984 | K22: 34

Sheet BWP 2025 Subject Wise Pass %
A1: BISE Bahawalpur — Subject Wise Pass Percentage — Intermediate Part I & II Combined (First Annual) 2025
A2: Source: BISE Bahawalpur Result Gazette, Intermediate Part I & II Combined (First Annual) 2025 (supplied PDF). Pass % as published. Only the first 45 subject entries (Arabic-I to Library Science-II) were on the supplied page; remaining subjects are not included yet.
A4: Year | B4: Subject Name | C4: Appeared | D4: Passed | E4: Pass %
A5: 2025 | B5: Arabic-I | C5: 194 | D5: 155 | E5: 79.9
A6: 2025 | B6: Arabic-II | C6: 1345 | D6: 1244 | E6: 92.49
A7: 2025 | B7: Banking | C7: 223 | D7: 214 | E7: 95.96
A8: 2025 | B8: Biology-I | C8: 2419 | D8: 1284 | E8: 53.08
A9: 2025 | B9: Biology-II | C9: 13558 | D9: 11501 | E9: 84.83
A10: 2025 | B10: Business Mathematics | C10: 21 | D10: 14 | E10: 66.67
A11: 2025 | B11: Business Statistics | C11: 238 | D11: 224 | E11: 94.12
A12: 2025 | B12: Chemistry-I | C12: 3296 | D12: 1781 | E12: 54.04
A13: 2025 | B13: Chemistry-II | C13: 15842 | D13: 13922 | E13: 87.88
A14: 2025 | B14: Civics-I | C14: 1138 | D14: 1013 | E14: 89.02
A15: 2025 | B15: Civics-II | C15: 4038 | D15: 3707 | E15: 91.8
A16: 2025 | B16: Commercial Geography | C16: 235 | D16: 222 | E16: 94.47
... A49: 2025 | B49: Library Science-II | C49: 2786 | D49: 2760 | E49: 99.07

Sheet BWP 2026 Result at a Glance
A1: BOARD OF INTERMEDIATE AND SECONDARY EDUCATION BAHAWALPUR — Result at a Glance, Intermediate Part I & II Combined (First Annual) 2026
A2: Item E in the gazette is labelled "Pass Percentage of candidates who appeared" (Regular 66.01 / Private 36.09 / Overall 59.92). Applied 61,668 − absent & cancelled 1,076 = appeared 60,592.
A4: Item | B4: Category | C4: Value
A5: Total number of candidates who applied for admission | C5: 61668
A6: Total number of absent candidates & Cancelled Roll No | C6: 1076
A7: Total number of candidates who appeared | B7: Regular | C7: 48249
A8: Total number of candidates who appeared | B8: Private | C8: 12343
A9: Total number of candidates who appeared | B9: Total | C9: 60592
A10: Number of successful candidates | B10: Regular | C10: 31850
A11: Number of successful candidates | B11: Private | C11: 4454
A12: Number of successful candidates | B12: Total | C12: 36304
A13: Pass percentage | B13: Regular | C13: 66.01
A14: Pass percentage | B14: Private | C14: 36.09
A15: Pass percentage | B15: Overall | C15: 59.92

Sheet BWP 2026 Regular (Govt.)
A1: BISE Bahawalpur — General Pass Percentage — Regular (Govt.) — Intermediate Part I & II Combined (First Annual) 2026
A2: Source: BISE Bahawalpur Result Gazette, Intermediate Part I & II Combined (First Annual) 2026 (supplied PDF). Pass % as published.
A4: Pre Medical | B4: Male | C4: 1059 | D4: 657 | E4: 62.04 | F4: 117 | G4: 122 | H4: 206 | I4: 195 | J4: 17 | K4: 0
A5: Pre Medical | B5: Female | C5: 3081 | D5: 2329 | E5: 75.59 | F5: 399 | G5: 561 | H5: 809 | I5: 533 | J5: 27 | K5: 0
A6: Pre Medical | B6: Total | C6: 4140 | D6: 2986 | E6: 72.13 | F6: 516 | G6: 683 | H6: 1015 | I6: 728 | J6: 44 | K6: 0
A7: Pre Engineering | B7: Male | C7: 285 | D7: 190 | E7: 66.67 | F7: 34 | G7: 42 | H7: 57 | I7: 51 | J7: 6 | K7: 0
A8: Pre Engineering | B8: Female | C8: 165 | D8: 126 | E8: 76.36 | F8: 13 | G8: 26 | H8: 48 | I8: 35 | J8: 4 | K8: 0
A9: Pre Engineering | B9: Total | C9: 450 | D9: 316 | E9: 70.22 | F9: 47 | G9: 68 | H9: 105 | I9: 86 | J9: 10 | K9: 0
A10: General Science | B10: Male | C10: 3120 | D10: 1422 | E10: 45.58 | F10: 96 | G10: 214 | H10: 421 | I10: 575 | J10: 116 | K10: 0
A11: General Science | B11: Female | C11: 3298 | D11: 2163 | E11: 65.59 | F11: 163 | G11: 414 | H11: 806 | I11: 690 | J11: 90 | K11: 0
A12: General Science | B12: Total | C12: 6418 | D12: 3585 | E12: 55.86 | F12: 259 | G12: 628 | H12: 1227 | I12: 1265 | J12: 206 | K12: 0
A13: Humanities | B13: Male | C13: 4094 | D13: 1431 | E13: 34.95 | F13: 18 | G13: 164 | H13: 482 | I13: 569 | J13: 192 | K13: 6
A14: Humanities | B14: Female | C14: 6974 | D14: 4193 | E14: 60.12 | F14: 154 | G14: 862 | H14: 1732 | I14: 1234 | J14: 210 | K14: 1
A15: Humanities | B15: Total | C15: 11068 | D15: 5624 | E15: 50.81 | F15: 172 | G15: 1026 | H15: 2214 | I15: 1803 | J15: 402 | K15: 7
... A22: Total | B22: Total | C22: 20073 | D22: 12087 | E22: 60.22 | F22: 918 | G22: 2348 | H22: 4644 | I22: 3564 | J22: 606 | K22: 7

Sheet BWP 2026 Regular (Affiliated)
A1: BISE Bahawalpur — General Pass Percentage — Regular (Affiliated) — Intermediate Part I & II Combined (First Annual) 2026
A2: Source: BISE Bahawalpur Result Gazette, Intermediate Part I & II Combined (First Annual) 2026 (supplied PDF). Pass % as published.
A4: Pre Medical | B4: Male | C4: 2218 | D4: 1660 | E4: 74.84 | F4: 412 | G4: 406 | H4: 471 | I4: 344 | J4: 26 | K4: 1
A5: Pre Medical | B5: Female | C5: 6855 | D5: 5871 | E5: 85.65 | F5: 1721 | G5: 1629 | H5: 1684 | I5: 796 | J5: 41 | K5: 0
A6: Pre Medical | B6: Total | C6: 9073 | D6: 7531 | E6: 83 | F6: 2133 | G6: 2035 | H6: 2155 | I6: 1140 | J6: 67 | K6: 1
A7: Pre Engineering | B7: Male | C7: 820 | D7: 623 | E7: 75.98 | F7: 125 | G7: 142 | H7: 198 | I7: 136 | J7: 22 | K7: 0
A8: Pre Engineering | B8: Female | C8: 429 | D8: 389 | E8: 90.68 | F8: 131 | G8: 97 | H8: 102 | I8: 54 | J8: 5 | K8: 0
A9: Pre Engineering | B9: Total | C9: 1249 | D9: 1012 | E9: 81.02 | F9: 256 | G9: 239 | H9: 300 | I9: 190 | J9: 27 | K9: 0
A10: General Science | B10: Male | C10: 5064 | D10: 3171 | E10: 62.62 | F10: 278 | G10: 646 | H10: 1023 | I10: 1025 | J10: 199 | K10: 0
A11: General Science | B11: Female | C11: 4913 | D11: 3927 | E11: 79.93 | F11: 678 | G11: 1052 | H11: 1394 | I11: 750 | J11: 53 | K11: 0
A12: General Science | B12: Total | C12: 9977 | D12: 7098 | E12: 71.14 | F12: 956 | G12: 1698 | H12: 2417 | I12: 1775 | J12: 252 | K12: 0
A13: Humanities | B13: Male | C13: 2297 | D13: 1092 | E13: 47.54 | F13: 15 | G13: 118 | H13: 340 | I13: 451 | J13: 165 | K13: 3
A14: Humanities | B14: Female | C14: 3449 | D14: 2512 | E14: 72.83 | F14: 154 | G14: 633 | H14: 973 | I14: 646 | J14: 105 | K14: 1
A15: Humanities | B15: Total | C15: 5746 | D15: 3604 | E15: 62.72 | F15: 169 | G15: 751 | H15: 1313 | I15: 1097 | J15: 270 | K15: 4
... A22: Total | B22: Total | C22: 23518 | D22: 18143 | E22: 77.15 | F22: 3715 | G22: 4718 | H22: 5653 | I22: 3473 | J22: 579 | K22: 5

Sheet BWP 2026 Total (Regular)
A1: BISE Bahawalpur — General Pass Percentage — Total (Regular) — Intermediate Part I & II Combined (First Annual) 2026
A2: Source: BISE Bahawalpur Result Gazette, Intermediate Part I & II Combined (First Annual) 2026 (supplied PDF). Pass % as published.
A4: Pre Medical | B4: Male | C4: 3277 | D4: 2317 | E4: 70.7 | F4: 529 | G4: 528 | H4: 677 | I4: 539 | J4: 43 | K4: 1
A5: Pre Medical | B5: Female | C5: 9936 | D5: 8200 | E5: 82.53 | F5: 2120 | G5: 2190 | H5: 2493 | I5: 1329 | J5: 68 | K5: 0
A6: Pre Medical | B6: Total | C6: 13213 | D6: 10517 | E6: 79.6 | F6: 2649 | G6: 2718 | H6: 3170 | I6: 1868 | J6: 111 | K6: 1
A7: Pre Engineering | B7: Male | C7: 1105 | D7: 813 | E7: 73.57 | F7: 159 | G7: 184 | H7: 255 | I7: 187 | J7: 28 | K7: 0
A8: Pre Engineering | B8: Female | C8: 594 | D8: 515 | E8: 86.7 | F8: 144 | G8: 123 | H8: 150 | I8: 89 | J8: 9 | K8: 0
A9: Pre Engineering | B9: Total | C9: 1699 | D9: 1328 | E9: 78.16 | F9: 303 | G9: 307 | H9: 405 | I9: 276 | J9: 37 | K9: 0
A10: General Science | B10: Male | C10: 8184 | D10: 4593 | E10: 56.12 | F10: 374 | G10: 860 | H10: 1444 | I10: 1600 | J10: 315 | K10: 0
A11: General Science | B11: Female | C11: 8211 | D11: 6090 | E11: 74.17 | F11: 841 | G11: 1466 | H11: 2200 | I11: 1440 | J11: 143 | K11: 0
A12: General Science | B12: Total | C12: 16395 | D12: 10683 | E12: 65.16 | F12: 1215 | G12: 2326 | H12: 3644 | I12: 3040 | J12: 458 | K12: 0
A13: Humanities | B13: Male | C13: 6391 | D13: 2523 | E13: 39.48 | F13: 33 | G13: 282 | H13: 822 | I13: 1020 | J13: 357 | K13: 9
A14: Humanities | B14: Female | C14: 10423 | D14: 6705 | E14: 64.33 | F14: 308 | G14: 1495 | H14: 2705 | I14: 1880 | J14: 315 | K14: 2
A15: Humanities | B15: Total | C15: 16814 | D15: 9228 | E15: 54.88 | F15: 341 | G15: 1777 | H15: 3527 | I15: 2900 | J15: 672 | K15: 11
... A22: Total | B22: Total | C22: 43591 | D22: 30230 | E22: 69.35 | F22: 4633 | G22: 7066 | H22: 10297 | I22: 7037 | J22: 1185 | K22: 12

Sheet BWP 2026 Private
A1: BISE Bahawalpur — General Pass Percentage — Private — Intermediate Part I & II Combined (First Annual) 2026
A2: Source: BISE Bahawalpur Result Gazette, Intermediate Part I & II Combined (First Annual) 2026 (supplied PDF). Pass % as published.
A4: Pre Medical | B4: Male | C4: 622 | D4: 298 | E4: 47.91 | F4: 152 | G4: 13 | H4: 39 | I4: 71 | J4: 23 | K4: 0
A5: Pre Medical | B5: Female | C5: 1208 | D5: 871 | E5: 72.1 | F5: 485 | G5: 97 | H5: 67 | I5: 180 | J5: 41 | K5: 1
A6: Pre Medical | B6: Total | C6: 1830 | D6: 1169 | E6: 63.88 | F6: 637 | G6: 110 | H6: 106 | I6: 251 | J6: 64 | K6: 1
A7: Pre Engineering | B7: Male | C7: 207 | D7: 76 | E7: 36.71 | F7: 5 | G7: 6 | H7: 12 | I7: 35 | J7: 12 | K7: 6
A8: Pre Engineering | B8: Female | C8: 79 | D8: 52 | E8: 65.82 | F8: 9 | G8: 2 | H8: 11 | I8: 17 | J8: 10 | K8: 3
A9: Pre Engineering | B9: Total | C9: 286 | D9: 128 | E9: 44.76 | F9: 14 | G9: 8 | H9: 23 | I9: 52 | J9: 22 | K9: 9
A10: General Science | B10: Male | C10: 1380 | D10: 396 | E10: 28.7 | F10: 3 | G10: 6 | H10: 44 | I10: 204 | J10: 139 | K10: 0
A11: General Science | B11: Female | C11: 752 | D11: 308 | E11: 40.96 | F11: 1 | G11: 0 | H11: 38 | I11: 207 | J11: 62 | K11: 0
A12: General Science | B12: Total | C12: 2132 | D12: 704 | E12: 33.02 | F12: 4 | G12: 6 | H12: 82 | I12: 411 | J12: 201 | K12: 0
A13: Humanities | B13: Male | C13: 4306 | D13: 838 | E13: 19.46 | F13: 4 | G13: 43 | H13: 147 | I13: 370 | J13: 260 | K13: 14
A14: Humanities | B14: Female | C14: 3704 | D14: 1576 | E14: 42.55 | F14: 38 | G14: 218 | H14: 518 | I14: 595 | J14: 202 | K14: 5
A15: Humanities | B15: Total | C15: 8010 | D15: 2414 | E15: 30.14 | F15: 42 | G15: 261 | H15: 665 | I15: 965 | J15: 462 | K15: 19
... A22: Total | B22: Total | C22: 12136 | D22: 5174 | E22: 42.63 | F22: 1018 | G22: 456 | H22: 1079 | I22: 1800 | J22: 799 | K22: 22

Sheet BWP 2026 Grand Total
A1: BISE Bahawalpur — General Pass Percentage — Grand Total (Regular + Private) — Intermediate Part I & II Combined (First Annual) 2026
A2: Source: BISE Bahawalpur Result Gazette, Intermediate Part I & II Combined (First Annual) 2026 (supplied PDF). Pass % as published.
A4: Pre Medical | B4: Male | C4: 3899 | D4: 2615 | E4: 67.07 | F4: 681 | G4: 541 | H4: 716 | I4: 610 | J4: 66 | K4: 1
A5: Pre Medical | B5: Female | C5: 11144 | D5: 9071 | E5: 81.4 | F5: 2605 | G5: 2287 | H5: 2560 | I5: 1509 | J5: 109 | K5: 1
A6: Pre Medical | B6: Total | C6: 15043 | D6: 11686 | E6: 77.68 | F6: 3286 | G6: 2828 | H6: 3276 | I6: 2119 | J6: 175 | K6: 2
A7: Pre Engineering | B7: Male | C7: 1312 | D7: 889 | E7: 67.76 | F7: 164 | G7: 190 | H7: 267 | I7: 222 | J7: 40 | K7: 6
A8: Pre Engineering | B8: Female | C8: 673 | D8: 567 | E8: 84.25 | F8: 153 | G8: 125 | H8: 161 | I8: 106 | J8: 19 | K8: 3
A9: Pre Engineering | B9: Total | C9: 1985 | D9: 1456 | E9: 73.35 | F9: 317 | G9: 315 | H9: 428 | I9: 328 | J9: 59 | K9: 9
A10: General Science | B10: Male | C10: 9564 | D10: 4989 | E10: 52.16 | F10: 377 | G10: 866 | H10: 1488 | I10: 1804 | J10: 454 | K10: 0
A11: General Science | B11: Female | C11: 8963 | D11: 6398 | E11: 71.38 | F11: 842 | G11: 1466 | H11: 2238 | I11: 1647 | J11: 205 | K11: 0
A12: General Science | B12: Total | C12: 18527 | D12: 11387 | E12: 61.46 | F12: 1219 | G12: 2332 | H12: 3726 | I12: 3451 | J12: 659 | K12: 0
A13: Humanities | B13: Male | C13: 10697 | D13: 3361 | E13: 31.42 | F13: 37 | G13: 325 | H13: 969 | I13: 1390 | J13: 617 | K13: 23
A14: Humanities | B14: Female | C14: 14127 | D14: 8281 | E14: 58.62 | F14: 346 | G14: 1713 | H14: 3223 | I14: 2475 | J14: 517 | K14: 7
A15: Humanities | B15: Total | C15: 24824 | D15: 11642 | E15: 46.9 | F15: 383 | G15: 2038 | H15: 4192 | I15: 3865 | J15: 1134 | K15: 30
... A22: Total | B22: Total | C22: 55727 | D22: 35404 | E22: 63.53 | F22: 5651 | G22: 7522 | H22: 11376 | I22: 8837 | J22: 1984 | K22: 34

Sheet BWP 2026 Subject Wise Pass %
A1: BISE Bahawalpur — Subject Wise Pass Percentage — Intermediate Part I & II Combined (First Annual) 2026
A2: Source: BISE Bahawalpur Result Gazette, Intermediate Part I & II Combined (First Annual) 2026 (supplied PDF). Pass % as published. All 76 subject entries.
A4: Year | B4: Subject Name | C4: Appeared | D4: Passed | E4: Pass %
A5: 2026 | B5: Arabic-I | C5: 127 | D5: 95 | E5: 74.8
A6: 2026 | B6: Arabic-II | C6: 1229 | D6: 1159 | E6: 94.3
A7: 2026 | B7: Banking | C7: 174 | D7: 174 | E7: 100
A8: 2026 | B8: Biology-I | C8: 3117 | D8: 1514 | E8: 48.57
A9: 2026 | B9: Biology-II | C9: 14294 | D9: 12623 | E9: 88.31
A10: 2026 | B10: Business Mathematics | C10: 24 | D10: 20 | E10: 83.33
A11: 2026 | B11: Business Stat | C11: 172 | D11: 160 | E11: 93.02
A12: 2026 | B12: Chemistry-I | C12: 4025 | D12: 1827 | E12: 45.39
A13: 2026 | B13: Chemistry-II | C13: 15996 | D13: 12948 | E13: 80.95
A14: 2026 | B14: Civics-I | C14: 1011 | D14: 873 | E14: 86.35
A15: 2026 | B15: Civics-II | C15: 4259 | D15: 3951 | E15: 92.77
A16: 2026 | B16: Commercial Geography | C16: 173 | D16: 172 | E16: 99.42
... A80: 2026 | B80: Urdu-II | C80: 52921 | D80: 51154 | E80: 96.66

Sheet BNU Overall Summary
A1: BOARD OF INTERMEDIATE AND SECONDARY EDUCATION, BANNU
A2: HSSC (11th & 12th) Annual-I Examination 2025 and 2026 — Result at a Glance. Part-II (2nd Year) is the final Class 12th result; Part-I (1st Year) candidates are promoted. Pass % calculated as Passed ÷ Appeared (gazette prints whole numbers: 2025 = 98, 86, 92; 2026 = 83, 82, no grand total printed).
A4: Year | B4: Part | C4: Appeared | D4: Passed | E4: Not Passed | F4: Pass % | G4: Published Pass %
A5: 2025 | B5: Part-I (1st Year, promoted) | C5: 16859 | D5: 16604 | E5: =C5-D5 -> 255 | F5: =ROUND(D5/C5*100,2) -> 98.49 | G5: 98
A6: 2025 | B6: Part-II (2nd Year, final) | C6: 18099 | D6: 15484 | E6: =C6-D6 -> 2615 | F6: =ROUND(D6/C6*100,2) -> 85.55 | G6: 86
A7: 2025 | B7: Grand Total (Part-I + Part-II) | C7: 34958 | D7: 32088 | E7: =C7-D7 -> 2870 | F7: =ROUND(D7/C7*100,2) -> 91.79 | G7: 92
A8: 2026 | B8: Part-I (1st Year) | C8: 17857 | D8: 14845 | E8: =C8-D8 -> 3012 | F8: =ROUND(D8/C8*100,2) -> 83.13 | G8: 83
A9: 2026 | B9: Part-II (2nd Year, final) | C9: 17771 | D9: 14484 | E9: =C9-D9 -> 3287 | F9: =ROUND(D9/C9*100,2) -> 81.5 | G9: 82
A10: 2026 | B10: Grand Total (Part-I + Part-II) | C10: 35628 | D10: 29329 | E10: =C10-D10 -> 6299 | F10: =ROUND(D10/C10*100,2) -> 82.32

Sheet BNU Group-wise
A1: Group-Wise Result — HSSC Annual-I 2025–2026 (1st Year and 2nd Year)
A2: Source: BISE Bannu, HSSC (11th & 12th) Annual-I Examination 2025 — Result at a Glance (gazette pp. v-vi). Pass % as published (whole numbers). Gazette inconsistencies kept as published: 2nd Year group Appeared adds to 18,056 vs printed Sub Total 18,099 (difference 43; Passed adds correctly to 15,484); 1st Year group Appeared adds to 16,853 vs printed Sub Total 16,859 (difference 6; Passed adds correctly to 16,604). Grand Total (34,958 / 32,088) = 1st Year + 2nd Year Sub Totals. 2026: gazette Result at a Glance (HSSC Part-I & Part-II Annual-I 2026); Pass % as published (whole numbers). Group Appeared and Passed add exactly to the printed Part-I (17,857 / 14,845) and Part-II (17,771 / 14,484) totals; the 2026 gazette prints no combined grand total, so 35,628 / 29,329 is the sum of the two. 2026 splits Pre-Computer and General Science (2025 combined them). Part-I Result Status not stated in the 2026 gazette.
A4: Year | B4: Part | C4: Group | D4: Row Type | E4: Appeared | F4: Passed | G4: Pass % (published) | H4: Pass % (calculated) | I4: Result Status
A5: 2025 | B5: Part-II (2nd Year) | C5: Pre Medical | D5: Detail | E5: 9582 | F5: 8548 | G5: 89 | H5: =ROUND(F5/E5*100,2) -> 89.21
A6: 2025 | B6: Part-II (2nd Year) | C6: Pre Engineering | D6: Detail | E6: 1602 | F6: 1393 | G6: 87 | H6: =ROUND(F6/E6*100,2) -> 86.95
A7: 2025 | B7: Part-II (2nd Year) | C7: General Science/Pre Computer | D7: Detail | E7: 2243 | F7: 1859 | G7: 83 | H7: =ROUND(F7/E7*100,2) -> 82.88
A8: 2025 | B8: Part-II (2nd Year) | C8: Humanities | D8: Detail | E8: 4629 | F8: 3684 | G8: 80 | H8: =ROUND(F8/E8*100,2) -> 79.59
A9: 2025 | B9: Part-II (2nd Year) | C9: Sub Total | D9: Sub Total | E9: 18099 | F9: 15484 | G9: 86 | H9: =ROUND(F9/E9*100,2) -> 85.55
A10: 2025 | B10: Part-I (1st Year) | C10: Pre Medical | D10: Detail | E10: 8202 | F10: 8064 | G10: 98 | H10: =ROUND(F10/E10*100,2) -> 98.32 | I10: Promoted
A11: 2025 | B11: Part-I (1st Year) | C11: Pre Engineering | D11: Detail | E11: 1502 | F11: 1493 | G11: 99 | H11: =ROUND(F11/E11*100,2) -> 99.4 | I11: Promoted
A12: 2025 | B12: Part-I (1st Year) | C12: General Science/Pre Computer | D12: Detail | E12: 2760 | F12: 2727 | G12: 99 | H12: =ROUND(F12/E12*100,2) -> 98.8 | I12: Promoted
A13: 2025 | B13: Part-I (1st Year) | C13: Humanities | D13: Detail | E13: 4389 | F13: 4320 | G13: 98 | H13: =ROUND(F13/E13*100,2) -> 98.43 | I13: Promoted
A14: 2025 | B14: Part-I (1st Year) | C14: Sub Total | D14: Sub Total | E14: 16859 | F14: 16604 | G14: 98 | H14: =ROUND(F14/E14*100,2) -> 98.49
A15: 2025 | B15: Part-I + Part-II | C15: G. Total | D15: Grand Total | E15: 34958 | F15: 32088 | G15: 92 | H15: =ROUND(F15/E15*100,2) -> 91.79
A16: 2026 | B16: Part-II (2nd Year) | C16: Pre Medical | D16: Detail | E16: 9399 | F16: 7637 | G16: 81 | H16: =ROUND(F16/E16*100,2) -> 81.25
A17: 2026 | B17: Part-II (2nd Year) | C17: Pre Engineering | D17: Detail | E17: 1486 | F17: 1283 | G17: 86 | H17: =ROUND(F17/E17*100,2) -> 86.34
A18: 2026 | B18: Part-II (2nd Year) | C18: Pre Computer | D18: Detail | E18: 2752 | F18: 2313 | G18: 84 | H18: =ROUND(F18/E18*100,2) -> 84.05
A19: 2026 | B19: Part-II (2nd Year) | C19: General Science | D19: Detail | E19: 215 | F19: 184 | G19: 86 | H19: =ROUND(F19/E19*100,2) -> 85.58
A20: 2026 | B20: Part-II (2nd Year) | C20: Humanities | D20: Detail | E20: 3919 | F20: 3067 | G20: 78 | H20: =ROUND(F20/E20*100,2) -> 78.26
A21: 2026 | B21: Part-II (2nd Year) | C21: Sub Total | D21: Sub Total | E21: 17771 | F21: 14484 | G21: 82 | H21: =ROUND(F21/E21*100,2) -> 81.5
A22: 2026 | B22: Part-I (1st Year) | C22: Pre Medical | D22: Detail | E22: 8670 | F22: 7417 | G22: 86 | H22: =ROUND(F22/E22*100,2) -> 85.55
A23: 2026 | B23: Part-I (1st Year) | C23: Pre Engineering | D23: Detail | E23: 1652 | F23: 1391 | G23: 84 | H23: =ROUND(F23/E23*100,2) -> 84.2
A24: 2026 | B24: Part-I (1st Year) | C24: Pre Computer | D24: Detail | E24: 3706 | F24: 3082 | G24: 83 | H24: =ROUND(F24/E24*100,2) -> 83.16
A25: 2026 | B25: Part-I (1st Year) | C25: General Science | D25: Detail | E25: 199 | F25: 165 | G25: 83 | H25: =ROUND(F25/E25*100,2) -> 82.91
... A27: 2026 | B27: Part-I (1st Year) | C27: Sub Total | D27: Sub Total | E27: 17857 | F27: 14845 | G27: 83 | H27: =ROUND(F27/E27*100,2) -> 83.13
A28: 2026 | B28: Part-I + Part-II | C28: G. Total | D28: Grand Total | E28: 35628 | F28: 29329 | H28: =ROUND(F28/E28*100,2) -> 82.32

Sheet BNU 2026 Category-wise
A1: Category-Wise Result with Grades — HSSC Annual-I 2026 (Part-I and Part-II)
A2: Source: BISE Bannu, HSSC (Part-I & Part-II) Annual-I Examination 2026 — Result at a Glance. Pass % as published (whole numbers). Part-I grade columns are printed as zeros in the gazette (not reported) and are left blank. Gazette inconsistency kept as published: in Part-II the grade counts (A1–E) of the Private categories exceed the printed Passed figure (e.g. Pre-Medical Private (Boys) Passed 102 vs grades 738; Humanities Private (Boys) 790 vs 822), and Humanities Regular (Boys) grades add to 1,088 vs Passed 1,087; Regular rows otherwise tie exactly. Sub Totals and the Part-II G. Total are the printed values.
A4: Year | B4: Part | C4: Group | D4: Category | E4: Appeared | F4: Passed | G4: Pass % (published) | H4: Pass % (calculated) | I4: A1 | J4: A | K4: B | L4: C | M4: D | N4: E
A5: 2026 | B5: Part-II (2nd Year) | C5: Pre Medical | D5: Regular (Boys) | E5: 6012 | F5: 5332 | G5: 89 | H5: =IF(E5=0,0,ROUND(F5/E5*100,2)) -> 88.69 | I5: 1611 | J5: 1818 | K5: 1330 | L5: 553 | M5: 20 | N5: 0
A6: 2026 | B6: Part-II (2nd Year) | C6: Pre Medical | D6: Regular (Girls) | E6: 2365 | F6: 2187 | G6: 92 | H6: =IF(E6=0,0,ROUND(F6/E6*100,2)) -> 92.47 | I6: 522 | J6: 1084 | K6: 541 | L6: 40 | M6: 0 | N6: 0
A7: 2026 | B7: Part-II (2nd Year) | C7: Pre Medical | D7: Private (Boys) | E7: 847 | F7: 102 | G7: 12 | H7: =IF(E7=0,0,ROUND(F7/E7*100,2)) -> 12.04 | I7: 563 | J7: 84 | K7: 50 | L7: 34 | M7: 7 | N7: 0
A8: 2026 | B8: Part-II (2nd Year) | C8: Pre Medical | D8: Private (Girls) | E8: 175 | F8: 16 | G8: 9 | H8: =IF(E8=0,0,ROUND(F8/E8*100,2)) -> 9.14 | I8: 118 | J8: 21 | K8: 10 | L8: 6 | M8: 0 | N8: 0
A9: 2026 | B9: Part-II (2nd Year) | C9: Pre Medical | D9: Sub Total | E9: 9399 | F9: 7637 | G9: 81 | H9: =IF(E9=0,0,ROUND(F9/E9*100,2)) -> 81.25 | I9: 2814 | J9: 3007 | K9: 1931 | L9: 633 | M9: 27 | N9: 0
A10: 2026 | B10: Part-II (2nd Year) | C10: Pre Engineering | D10: Regular (Boys) | E10: 1285 | F10: 1128 | G10: 88 | H10: =IF(E10=0,0,ROUND(F10/E10*100,2)) -> 87.78 | I10: 182 | J10: 338 | K10: 406 | L10: 187 | M10: 15 | N10: 0
A11: 2026 | B11: Part-II (2nd Year) | C11: Pre Engineering | D11: Regular (Girls) | E11: 128 | F11: 123 | G11: 96 | H11: =IF(E11=0,0,ROUND(F11/E11*100,2)) -> 96.09 | I11: 10 | J11: 37 | K11: 72 | L11: 4 | M11: 0 | N11: 0
A12: 2026 | B12: Part-II (2nd Year) | C12: Pre Engineering | D12: Private (Boys) | E12: 69 | F12: 32 | G12: 46 | H12: =IF(E12=0,0,ROUND(F12/E12*100,2)) -> 46.38 | I12: 7 | J12: 11 | K12: 14 | L12: 19 | M12: 7 | N12: 0
A13: 2026 | B13: Part-II (2nd Year) | C13: Pre Engineering | D13: Private (Girls) | E13: 4 | F13: 0 | G13: 0 | H13: =IF(E13=0,0,ROUND(F13/E13*100,2)) -> 0 | I13: 0 | J13: 2 | K13: 1 | L13: 1 | M13: 0 | N13: 0
A14: 2026 | B14: Part-II (2nd Year) | C14: Pre Engineering | D14: Sub Total | E14: 1486 | F14: 1283 | G14: 86 | H14: =IF(E14=0,0,ROUND(F14/E14*100,2)) -> 86.34 | I14: 199 | J14: 388 | K14: 493 | L14: 211 | M14: 22 | N14: 0
A15: 2026 | B15: Part-II (2nd Year) | C15: Pre Computer | D15: Regular (Boys) | E15: 2371 | F15: 2049 | G15: 86 | H15: =IF(E15=0,0,ROUND(F15/E15*100,2)) -> 86.42 | I15: 344 | J15: 792 | K15: 710 | L15: 198 | M15: 5 | N15: 0
A16: 2026 | B16: Part-II (2nd Year) | C16: Pre Computer | D16: Regular (Girls) | E16: 294 | F16: 219 | G16: 74 | H16: =IF(E16=0,0,ROUND(F16/E16*100,2)) -> 74.49 | I16: 13 | J16: 122 | K16: 79 | L16: 5 | M16: 0 | N16: 0
... A30: 2026 | B30: Part-II (2nd Year) | C30: All groups | D30: G. Total | E30: 17771 | F30: 14484 | G30: 82 | H30: =IF(E30=0,0,ROUND(F30/E30*100,2)) -> 81.5 | I30: 3444 | J30: 5120 | K30: 4754 | L30: 1934 | M30: 172 | N30: 0
A31: 2026 | B31: Part-I (1st Year) | C31: Pre Medical | D31: Regular (Boys) | E31: 5950 | F31: 4908 | G31: 82 | H31: =IF(E31=0,0,ROUND(F31/E31*100,2)) -> 82.49
A32: 2026 | B32: Part-I (1st Year) | C32: Pre Medical | D32: Regular (Girls) | E32: 2720 | F32: 2509 | G32: 92 | H32: =IF(E32=0,0,ROUND(F32/E32*100,2)) -> 92.24
A33: 2026 | B33: Part-I (1st Year) | C33: Pre Medical | D33: Private (Boys) | E33: 0 | F33: 0 | G33: 0 | H33: =IF(E33=0,0,ROUND(F33/E33*100,2)) -> 0
A34: 2026 | B34: Part-I (1st Year) | C34: Pre Medical | D34: Private (Girls) | E34: 0 | F34: 0 | G34: 0 | H34: =IF(E34=0,0,ROUND(F34/E34*100,2)) -> 0
A35: 2026 | B35: Part-I (1st Year) | C35: Pre Medical | D35: Sub Total | E35: 8670 | F35: 7417 | G35: 86 | H35: =IF(E35=0,0,ROUND(F35/E35*100,2)) -> 85.55
A36: 2026 | B36: Part-I (1st Year) | C36: Pre Engineering | D36: Regular (Boys) | E36: 1516 | F36: 1283 | G36: 85 | H36: =IF(E36=0,0,ROUND(F36/E36*100,2)) -> 84.63
A37: 2026 | B37: Part-I (1st Year) | C37: Pre Engineering | D37: Regular (Girls) | E37: 136 | F37: 108 | G37: 79 | H37: =IF(E37=0,0,ROUND(F37/E37*100,2)) -> 79.41
A38: 2026 | B38: Part-I (1st Year) | C38: Pre Engineering | D38: Private (Boys) | E38: 0 | F38: 0 | G38: 0 | H38: =IF(E38=0,0,ROUND(F38/E38*100,2)) -> 0
A39: 2026 | B39: Part-I (1st Year) | C39: Pre Engineering | D39: Private (Girls) | E39: 0 | F39: 0 | G39: 0 | H39: =IF(E39=0,0,ROUND(F39/E39*100,2)) -> 0
A40: 2026 | B40: Part-I (1st Year) | C40: Pre Engineering | D40: Sub Total | E40: 1652 | F40: 1391 | G40: 84 | H40: =IF(E40=0,0,ROUND(F40/E40*100,2)) -> 84.2
A41: 2026 | B41: Part-I (1st Year) | C41: Pre Computer | D41: Regular (Boys) | E41: 3375 | F41: 2819 | G41: 84 | H41: =IF(E41=0,0,ROUND(F41/E41*100,2)) -> 83.53
A42: 2026 | B42: Part-I (1st Year) | C42: Pre Computer | D42: Regular (Girls) | E42: 327 | F42: 261 | G42: 80 | H42: =IF(E42=0,0,ROUND(F42/E42*100,2)) -> 79.82
... A56: 2026 | B56: Part-I (1st Year) | C56: All groups | D56: G. Total | E56: 17857 | F56: 14845 | G56: 83 | H56: =IF(E56=0,0,ROUND(F56/E56*100,2)) -> 83.13

Sheet DGK-Overall Summary
A1: BOARD OF INTERMEDIATE AND SECONDARY EDUCATION, DERA GHAZI KHAN
A2: Intermediate (Part-II & Combined) 1st Annual Examination — Result at a Glance — 2024, 2025 and 2026 (2025 gazette dated 18-09-2025; 2026 gazette dated 23-09-2026).
A4: Year | B4: Applied | C4: Appeared | D4: Passed | E4: Failed | F4: Pass %
A5: 2024 | B5: 60539 | C5: 60102 | D5: 42341 | E5: =C5-D5 -> 17761 | F5: 0.7045
A6: 2025 | B6: 56655 | C6: 56083 | D6: 41985 | E6: =C6-D6 -> 14098 | F6: 0.7486
A7: 2026 | B7: 59629 | C7: 59243 | D7: 43332 | E7: =C7-D7 -> 15911 | F7: 0.7314

Sheet DGK-Gender-wise
A1: Gender-Wise Pass Percentage (2024-2026)
A2: Source: BISE Dera Ghazi Khan Result Gazette, Intermediate (Part-II & Combined) 1st Annual Examination 2024 (dated 04-09-2024). Pass % as published. 2025: Source: BISE Dera Ghazi Khan Result Gazette, Intermediate (Part-II & Combined) 1st Annual Examination 2025 (dated 18-09-2025). Pass % as published. 2026: Source: BISE Dera Ghazi Khan Result Gazette, Intermediate (Part-II & Combined) 1st Annual Examination 2026 (dated 23-09-2026). Pass % as published.
A4: Year | B4: Gender | C4: Appeared | D4: Passed | E4: Failed | F4: Pass %
A5: 2024 | B5: Male | C5: 31810 | D5: 20558 | E5: =C5-D5 -> 11252 | F5: 0.6463
A6: 2024 | B6: Female | C6: 28292 | D6: 21783 | E6: =C6-D6 -> 6509 | F6: 0.7699
A7: 2025 | B7: Male | C7: 28061 | D7: 18993 | E7: =C7-D7 -> 9068 | F7: 0.6768
A8: 2025 | B8: Female | C8: 28022 | D8: 22992 | E8: =C8-D8 -> 5030 | F8: 0.8205
A9: 2026 | B9: Male | C9: 29794 | D9: 19023 | E9: =C9-D9 -> 10771 | F9: 0.6385
A10: 2026 | B10: Female | C10: 29449 | D10: 24309 | E10: =C10-D10 -> 5140 | F10: 0.8255

Sheet DGK-Group-wise
A1: Group-Wise Pass Percentage — Regular & Private — by Gender (2024-2026)
A2: Source: BISE Dera Ghazi Khan Result Gazette, Intermediate (Part-II & Combined) 1st Annual Examination 2024 (dated 04-09-2024). Pass % as published. 2025: Source: BISE Dera Ghazi Khan Result Gazette, Intermediate (Part-II & Combined) 1st Annual Examination 2025 (dated 18-09-2025). Pass % as published. 2026: Source: BISE Dera Ghazi Khan Result Gazette, Intermediate (Part-II & Combined) 1st Annual Examination 2026 (dated 23-09-2026). Pass % as published.
A4: Year | B4: Candidate Type | C4: Group | D4: Gender | E4: Appeared | F4: Passed | G4: Failed | H4: Pass %
A5: 2024 | B5: Regular | C5: Pre-Medical | D5: Male | E5: 11649 | F5: 9419 | G5: =E5-F5 -> 2230 | H5: 0.8086
A6: 2024 | B6: Regular | C6: Pre-Medical | D6: Female | E6: 14486 | F6: 12161 | G6: =E6-F6 -> 2325 | H6: 0.8395
A7: 2024 | B7: Regular | C7: Pre-Medical | D7: Total | E7: 26135 | F7: 21580 | G7: =E7-F7 -> 4555 | H7: 0.8257
A8: 2024 | B8: Regular | C8: Pre-Engineering | D8: Male | E8: 1717 | F8: 1320 | G8: =E8-F8 -> 397 | H8: 0.7688
A9: 2024 | B9: Regular | C9: Pre-Engineering | D9: Female | E9: 672 | F9: 524 | G9: =E9-F9 -> 148 | H9: 0.7798
A10: 2024 | B10: Regular | C10: Pre-Engineering | D10: Total | E10: 2389 | F10: 1844 | G10: =E10-F10 -> 545 | H10: 0.7719
A11: 2024 | B11: Regular | C11: Humanities | D11: Male | E11: 5286 | F11: 2752 | G11: =E11-F11 -> 2534 | H11: 0.5206
A12: 2024 | B12: Regular | C12: Humanities | D12: Female | E12: 4641 | F12: 3418 | G12: =E12-F12 -> 1223 | H12: 0.7365
A13: 2024 | B13: Regular | C13: Humanities | D13: Total | E13: 9927 | F13: 6170 | G13: =E13-F13 -> 3757 | H13: 0.6215
A14: 2024 | B14: Regular | C14: General Science | D14: Male | E14: 5336 | F14: 3352 | G14: =E14-F14 -> 1984 | H14: 0.6282
A15: 2024 | B15: Regular | C15: General Science | D15: Female | E15: 2223 | F15: 1635 | G15: =E15-F15 -> 588 | H15: 0.7355
A16: 2024 | B16: Regular | C16: General Science | D16: Total | E16: 7559 | F16: 4987 | G16: =E16-F16 -> 2572 | H16: 0.6597
... A121: 2026 | B121: Overall | C121: Grand Total | D121: Total | E121: 59243 | F121: 43332 | G121: =E121-F121 -> 15911 | H121: 0.7314

Sheet DGK-Group-Gender Summary
A1: Group-wise Pass Percentage of Male & Female — Regular + Private Combined (2024-2026)
A2: Source: BISE Dera Ghazi Khan Result Gazette, Intermediate (Part-II & Combined) 1st Annual Examination 2024 (dated 04-09-2024). Pass % as published. "Humanities and Other Groups" includes Commerce. 2025: Source: BISE Dera Ghazi Khan Result Gazette, Intermediate (Part-II & Combined) 1st Annual Examination 2025 (dated 18-09-2025). Pass % as published. 2026: Source: BISE Dera Ghazi Khan Result Gazette, Intermediate (Part-II & Combined) 1st Annual Examination 2026 (dated 23-09-2026). Pass % as published. The 2026 gazette lists Commerce separately; "Humanities And Other Groups" 2026 = Humanities + Commerce with Pass % calculated (Male 53.74, Female 80.35).
A4: Year | B4: Group | C4: Male Appeared | D4: Male Passed | E4: Male Pass % | F4: Female Appeared | G4: Female Passed | H4: Female Pass %
A5: 2024 | B5: Pre-Medical | C5: 13746 | D5: 10796 | E5: 0.7854 | F5: 17474 | G5: 14320 | H5: 0.8195
A6: 2024 | B6: Pre-Engineering | C6: 2121 | D6: 1521 | E6: 0.7171 | F6: 803 | G6: 595 | H6: 0.741
A7: 2024 | B7: Humanities And Other Groups | C7: 9858 | D7: 4617 | E7: 0.4684 | F7: 7522 | G7: 5104 | H7: 0.6785
A8: 2024 | B8: General Science | C8: 6085 | D8: 3624 | E8: 0.5956 | F8: 2493 | G8: 1764 | H8: 0.7076
A9: 2025 | B9: Pre-Medical | C9: 9954 | D9: 8053 | E9: 0.809 | F9: 15899 | G9: 13533 | H9: 0.8512
A10: 2025 | B10: Pre-Engineering | C10: 1615 | D10: 1267 | E10: 0.7845 | F10: 677 | G10: 533 | H10: 0.7873
A11: 2025 | B11: Humanities And Other Groups | C11: 8658 | D11: 4271 | E11: 0.4933 | F11: 7502 | G11: 5650 | H11: 0.7531
A12: 2025 | B12: General Science | C12: 7834 | D12: 5402 | E12: 0.6896 | F12: 3944 | G12: 3276 | H12: 0.8306
A13: 2026 | B13: Pre-Medical | C13: 8930 | D13: 6852 | E13: 0.7673 | F13: 16229 | G13: 13682 | H13: 0.8431
A14: 2026 | B14: Pre-Engineering | C14: 1358 | D14: 989 | E14: 0.7283 | F14: 450 | G14: 353 | H14: 0.7844
A15: 2026 | B15: Humanities And Other Groups | C15: 9341 | D15: 5020 | E15: 0.5374 | F15: 7643 | G15: 6141 | H15: 0.8035
A16: 2026 | B16: General Science | C16: 10165 | D16: 6162 | E16: 0.6062 | F16: 5127 | G16: 4133 | H16: 0.8061

Sheet DGK-District-wise
A1: District-Wise Pass Percentage (2024-2026)
A2: Source: BISE Dera Ghazi Khan Result Gazette, Intermediate (Part-II & Combined) 1st Annual Examination 2024 (dated 04-09-2024). Pass % as published. District order as per gazette (highest to lowest pass %). 2025: Source: BISE Dera Ghazi Khan Result Gazette, Intermediate (Part-II & Combined) 1st Annual Examination 2025 (dated 18-09-2025). Pass % as published. Taunsa Sharif appears as a new district in 2025. 2026: Source: BISE Dera Ghazi Khan Result Gazette, Intermediate (Part-II & Combined) 1st Annual Examination 2026 (dated 23-09-2026). Pass % as published. District order as per 2026 gazette.
A4: District | B4: Year | C4: Appeared | D4: Passed | E4: Failed | F4: Pass %
A5: Kot Addu | B5: 2024 | C5: 9151 | D5: 7038 | E5: =C5-D5 -> 2113 | F5: 0.7691
A6: Muzaffargarh | B6: 2024 | C6: 16268 | D6: 12367 | E6: =C6-D6 -> 3901 | F6: 0.7602
A7: Layyah | B7: 2024 | C7: 13232 | D7: 8756 | E7: =C7-D7 -> 4476 | F7: 0.6617
A8: Rajanpur | B8: 2024 | C8: 7985 | D8: 5280 | E8: =C8-D8 -> 2705 | F8: 0.6612
A9: Dera Ghazi Khan | B9: 2024 | C9: 13466 | D9: 8900 | E9: =C9-D9 -> 4566 | F9: 0.6609
A10: Kot Addu | B10: 2025 | C10: 8260 | D10: 6528 | E10: =C10-D10 -> 1732 | F10: 0.7903
A11: Muzaffargarh | B11: 2025 | C11: 15664 | D11: 12254 | E11: =C11-D11 -> 3410 | F11: 0.7823
A12: Taunsa Sharif | B12: 2025 | C12: 4451 | D12: 3410 | E12: =C12-D12 -> 1041 | F12: 0.7661
A13: Layyah | B13: 2025 | C13: 12579 | D13: 9316 | E13: =C13-D13 -> 3263 | F13: 0.7406
A14: Dera Ghazi Khan | B14: 2025 | C14: 8182 | D14: 5755 | E14: =C14-D14 -> 2427 | F14: 0.7034
A15: Rajanpur | B15: 2025 | C15: 6947 | D15: 4722 | E15: =C15-D15 -> 2225 | F15: 0.6797
A16: Kot Addu | B16: 2026 | C16: 8601 | D16: 6650 | E16: =C16-D16 -> 1951 | F16: 0.7732
... A21: Rajanpur | B21: 2026 | C21: 7915 | D21: 5315 | E21: =C21-D21 -> 2600 | F21: 0.6715

Sheet DGK-District-Category 2026
A1: District-Wise Category-Wise Pass Percentage — 2026
A2: 2026: Source: BISE Dera Ghazi Khan Result Gazette, Intermediate (Part-II & Combined) 1st Annual Examination 2026 (dated 23-09-2026). Pass % as published. Categories as published: Govt. Institute, Private Institute, Private Candidate.
A4: District | B4: Category | C4: Appeared | D4: Passed | E4: Failed | F4: Pass %
A5: Dera Ghazi Khan | B5: Govt. Institute | C5: 5430 | D5: 3976 | E5: =C5-D5 -> 1454 | F5: 0.7322
A6: Dera Ghazi Khan | B6: Private Institute | C6: 1256 | D6: 912 | E6: =C6-D6 -> 344 | F6: 0.7261
A7: Dera Ghazi Khan | B7: Private Candidate | C7: 1835 | D7: 1039 | E7: =C7-D7 -> 796 | F7: 0.5662
A8: Kot Addu | B8: Govt. Institute | C8: 2421 | D8: 1805 | E8: =C8-D8 -> 616 | F8: 0.7456
A9: Kot Addu | B9: Private Institute | C9: 4672 | D9: 3858 | E9: =C9-D9 -> 814 | F9: 0.8258
A10: Kot Addu | B10: Private Candidate | C10: 1508 | D10: 987 | E10: =C10-D10 -> 521 | F10: 0.6545
A11: Layyah | B11: Govt. Institute | C11: 9476 | D11: 6865 | E11: =C11-D11 -> 2611 | F11: 0.7245
A12: Layyah | B12: Private Institute | C12: 1910 | D12: 1572 | E12: =C12-D12 -> 338 | F12: 0.823
A13: Layyah | B13: Private Candidate | C13: 1988 | D13: 1278 | E13: =C13-D13 -> 710 | F13: 0.6429
A14: Muzaffargarh | B14: Govt. Institute | C14: 6632 | D14: 5035 | E14: =C14-D14 -> 1597 | F14: 0.7592
A15: Muzaffargarh | B15: Private Institute | C15: 6814 | D15: 5586 | E15: =C15-D15 -> 1228 | F15: 0.8198
A16: Muzaffargarh | B16: Private Candidate | C16: 2932 | D16: 1994 | E16: =C16-D16 -> 938 | F16: 0.6801
... A22: Taunsa Sharif | B22: Private Candidate | C22: 850 | D22: 515 | E22: =C22-D22 -> 335 | F22: 0.6059

Sheet DGK-Historical Trend
A1: Pass Percentage — Historical Trend (as published in the gazette)
A2: Source: "Pass Percentage of Previous Four Years" table in the 2024 gazette (1st Annual of each year), plus 2024 itself. 2025 added from the 2025 gazette (its previous-four-years table repeats 2021-2024 unchanged: 98.79, 82.37, 66.83, 70.45). 2026 added from the 2026 gazette (73.14, headline pass percentage). Note: the 2026 gazette's previous-four-years table shows 2022 as 83.37 (2024 and 2025 gazettes showed 82.37); 2023-2025 unchanged (66.83, 70.45, 74.86). The 82.37 above is kept as published in the earlier gazettes.
A4: Year | B4: Pass % | C4: Source Gazette
A5: 2020 | B5: 0.8889 | C5: 2024 gazette
A6: 2021 | B6: 0.9879 | C6: 2024 gazette
A7: 2022 | B7: 0.8237 | C7: 2024 gazette
A8: 2023 | B8: 0.6683 | C8: 2024 gazette
A9: 2024 | B9: 0.7045 | C9: 2024 gazette
A10: 2025 | B10: 0.7486 | C10: 2025 gazette
A11: 2026 | B11: 0.7314 | C11: 2026 gazette

Sheet DGK-Subject-wise
A1: Subject-Wise Pass Percentage by Group — 1st Annual 2023 vs 2024
A2: Source: BISE Dera Ghazi Khan Result Gazette, Intermediate (Part-II & Combined) 1st Annual Examination 2024 (dated 04-09-2024). Pass % as published. 2023 columns are labelled "Applied" in the gazette; 2024 columns are "Appeared". Subject spellings kept as published (e.g. "Acounting", "Civis").
A4: Group | B4: Subject | C4: 2023 Applied | D4: 2023 Passed | E4: 2023 Pass % | F4: 2024 Appeared | G4: 2024 Passed | H4: 2024 Pass %
A5: Pre-Engineering | B5: Chemistry | C5: 3122 | D5: 2332 | E5: 0.7469 | F5: 2676 | G5: 1891 | H5: 0.7066
A6: Pre-Engineering | B6: English | C6: 3108 | D6: 2780 | E6: 0.8944 | F6: 2531 | G6: 2320 | H6: 0.9166
A7: Pre-Engineering | B7: Islamic Education | C7: 221 | D7: 211 | E7: 0.9547 | F7: 70 | G7: 64 | H7: 0.9142
A8: Pre-Engineering | B8: Mathematics | C8: 3221 | D8: 2495 | E8: 0.7746 | F8: 2753 | G8: 2162 | H8: 0.7853
A9: Pre-Engineering | B9: Physics | C9: 3045 | D9: 2610 | E9: 0.8571 | F9: 2588 | G9: 2253 | H9: 0.8705
A10: Pre-Engineering | B10: Pakistan Studies | C10: 3004 | D10: 2961 | E10: 0.9856 | F10: 2434 | G10: 2395 | H10: 0.9839
A11: Pre-Engineering | B11: Urdu | C11: 3056 | D11: 3010 | E11: 0.9849 | F11: 2484 | G11: 2451 | H11: 0.9867
A12: Pre-Medical | B12: Biology | C12: 28395 | D12: 23529 | E12: 0.8286 | F12: 29443 | G12: 24498 | H12: 0.832
A13: Pre-Medical | B13: Chemistry | C13: 28553 | D13: 23527 | E13: 0.8239 | F13: 29753 | G13: 24166 | H13: 0.8122
A14: Pre-Medical | B14: English | C14: 27968 | D14: 25901 | E14: 0.926 | F14: 28277 | G14: 26737 | H14: 0.9455
A15: Pre-Medical | B15: Islamic Education | C15: 901 | D15: 869 | E15: 0.9644 | F15: 763 | G15: 742 | H15: 0.9724
A16: Pre-Medical | B16: Physics | C16: 28369 | D16: 25397 | E16: 0.8952 | F16: 29144 | G16: 26058 | H16: 0.8941
... A62: General Science | B62: Urdu | C62: 5627 | D62: 5441 | E62: 0.9669 | F62: 7684 | G62: 7454 | H62: 0.97

Sheet DGK-Subject-wise 2025
A1: Subject-Wise Pass Percentage by Group — 1st Annual 2024 vs 2025
A2: Source: BISE Dera Ghazi Khan Result Gazette, Intermediate (Part-II & Combined) 1st Annual Examination 2025 (dated 18-09-2025). Pass % as published. 2024 columns are labelled "Applied" in the gazette; 2025 columns are "Appeared". Subject spellings kept as published (e.g. "Acounting", "Civis"). Subjects with zero entries in both years are kept as published.
A4: Group | B4: Subject | C4: 2024 Applied | D4: 2024 Passed | E4: 2024 Pass % | F4: 2025 Appeared | G4: 2025 Passed | H4: 2025 Pass %
A5: Pre-Engineering | B5: Chemistry | C5: 2676 | D5: 1891 | E5: 0.7066 | F5: 2129 | G5: 1653 | H5: 0.7764
A6: Pre-Engineering | B6: English | C6: 2531 | D6: 2320 | E6: 0.9166 | F6: 2029 | G6: 1860 | H6: 0.9167
A7: Pre-Engineering | B7: Islamic Education | C7: 70 | D7: 64 | E7: 0.9142 | F7: 50 | G7: 46 | H7: 0.92
A8: Pre-Engineering | B8: Mathematics | C8: 2753 | D8: 2162 | E8: 0.7853 | F8: 2182 | G8: 1799 | H8: 0.8244
A9: Pre-Engineering | B9: Physics | C9: 2588 | D9: 2253 | E9: 0.8705 | F9: 2051 | G9: 1861 | H9: 0.9073
A10: Pre-Engineering | B10: Pakistan Studies | C10: 2434 | D10: 2395 | E10: 0.9839 | F10: 1952 | G10: 1939 | H10: 0.9933
A11: Pre-Engineering | B11: Translation Of Holy Quran | C11: 0 | D11: 0 | E11: 0 | F11: 0 | G11: 0 | H11: 0
A12: Pre-Engineering | B12: Urdu | C12: 2484 | D12: 2451 | E12: 0.9867 | F12: 1970 | G12: 1945 | H12: 0.9873
A13: Pre-Medical | B13: Biology | C13: 29443 | D13: 24498 | E13: 0.832 | F13: 24264 | G13: 21385 | H13: 0.8813
A14: Pre-Medical | B14: Chemistry | C14: 29753 | D14: 24166 | E14: 0.8122 | F14: 24271 | G14: 19770 | H14: 0.8145
A15: Pre-Medical | B15: English | C15: 28277 | D15: 26737 | E15: 0.9455 | F15: 22503 | G15: 21164 | H15: 0.9404
A16: Pre-Medical | B16: Islamic Education | C16: 763 | D16: 742 | E16: 0.9724 | F16: 732 | G16: 709 | H16: 0.9685
... A66: General Science | B66: Urdu | C66: 7684 | D66: 7454 | E66: 0.97 | F66: 10827 | G66: 10645 | H66: 0.9831

Sheet DGK-Subject-wise 2026
A1: Subject-Wise Pass Percentage by Group — 1st Annual 2026
A2: 2026: Source: BISE Dera Ghazi Khan Result Gazette, Intermediate (Part-II & Combined) 1st Annual Examination 2026 (dated 23-09-2026). Pass % as published. 2026 gazette shows 2026 only (no prior-year columns). Subject names as published (title-cased); group Commerce is listed separately in 2026. Abbr = board abbreviation.
A4: Group | B4: Abbr | C4: Subject | D4: 2026 Appeared | E4: 2026 Passed | F4: 2026 Pass %
A5: Pre-Medical | B5: BIO | C5: Biology | D5: 23646 | E5: 22932 | F5: 0.9698
A6: Pre-Medical | B6: CH | C6: Chemistry | D6: 24056 | E6: 22217 | F6: 0.9236
A7: Pre-Medical | B7: ENG | C7: English | D7: 23023 | E7: 22004 | F7: 0.9557
A8: Pre-Medical | B8: ETH | C8: Ethics | D8: 59 | E8: 59 | F8: 1
A9: Pre-Medical | B9: IE | C9: Islamic Education | D9: 539 | E9: 535 | F9: 0.9926
A10: Pre-Medical | B10: PHY | C10: Physics | D10: 23281 | E10: 22698 | F10: 0.975
A11: Pre-Medical | B11: PS | C11: Pakistan Studies | D11: 21730 | E11: 21678 | F11: 0.9976
A12: Pre-Medical | B12: THQ | C12: Translation Of Holy Quran | D12: 21738 | E12: 21738 | F12: 1
A13: Pre-Medical | B13: UR | C13: Urdu | D13: 22709 | E13: 22672 | F13: 0.9984
A14: Pre-Engineering | B14: CH | C14: Chemistry | D14: 1652 | E14: 1504 | F14: 0.9104
A15: Pre-Engineering | B15: ENG | C15: English | D15: 1599 | E15: 1498 | F15: 0.9368
A16: Pre-Engineering | B16: ETH | C16: Ethics | D16: 3 | E16: 3 | F16: 1
... A70: Commerce | B70: UR | C70: Urdu | D70: 137 | E70: 134 | F70: 0.9781

Sheet FSD Overall Summary
A1: Year | B1: Category | C1: Appeared | D1: Pass | E1: Fail | F1: Pass_Pct | G1: Fail_Pct
A2: 2024 | B2: Regular | C2: 79459 | D2: 62776 | E2: =C2-D2 -> 16683 | F2: =D2/C2 -> 0.79004266 | G2: =E2/C2 -> 0.20995734
A3: 2024 | B3: Private | C3: 23810 | D3: 11378 | E3: =C3-D3 -> 12432 | F3: =D3/C3 -> 0.47786644 | G3: =E3/C3 -> 0.52213356
A4: 2024 | B4: Overall | C4: =C2+C3 -> 103269 | D4: =D2+D3 -> 74154 | E4: =C4-D4 -> 29115 | F4: =D4/C4 -> 0.71806641 | G4: =E4/C4 -> 0.28193359
A5: 2025 | B5: Regular | C5: 81260 | D5: 65249 | E5: =C5-D5 -> 16011 | F5: =D5/C5 -> 0.80296579 | G5: =E5/C5 -> 0.19703421
A6: 2025 | B6: Private | C6: 22749 | D6: 11412 | E6: =C6-D6 -> 11337 | F6: =D6/C6 -> 0.50164842 | G6: =E6/C6 -> 0.49835158
A7: 2025 | B7: Overall | C7: =C5+C6 -> 104009 | D7: =D5+D6 -> 76661 | E7: =C7-D7 -> 27348 | F7: =D7/C7 -> 0.73706122 | G7: =E7/C7 -> 0.26293878
A8: 2026 | B8: Regular | C8: 86873 | D8: 68017 | E8: =C8-D8 -> 18856 | F8: =D8/C8 -> 0.78294752 | G8: =E8/C8 -> 0.21705248
A9: 2026 | B9: Private | C9: 22371 | D9: 9691 | E9: =C9-D9 -> 12680 | F9: =D9/C9 -> 0.43319476 | G9: =E9/C9 -> 0.56680524
A10: 2026 | B10: Overall | C10: =C8+C9 -> 109244 | D10: =D8+D9 -> 77708 | E10: =C10-D10 -> 31536 | F10: =D10/C10 -> 0.71132511 | G10: =E10/C10 -> 0.28867489

Sheet FSD Regular District-Group
A1: Year | B1: Candidate_Type | C1: District | D1: Group | E1: Row_Type | F1: Appeared | G1: Pass | H1: A+ | I1: A | J1: B | K1: C | L1: D | M1: E | N1: Fail
A2: 2024 | B2: Regular | C2: Chiniot | D2: Pre-Medical | E2: Detail | F2: 1493 | G2: 1307 | H2: 225 | I2: 349 | J2: 448 | K2: 267 | L2: 18 | M2: 0 | N2: 186
A3: 2024 | B3: Regular | C3: Chiniot | D3: Pre-Engineering | E3: Detail | F3: 292 | G3: 267 | H3: 26 | I3: 67 | J3: 84 | K3: 85 | L3: 5 | M3: 0 | N3: 25
A4: 2024 | B4: Regular | C4: Chiniot | D4: General Science | E4: Detail | F4: 1044 | G4: 812 | H4: 45 | I4: 154 | J4: 266 | K4: 293 | L4: 53 | M4: 1 | N4: 232
A5: 2024 | B5: Regular | C5: Chiniot | D5: Humanities | E5: Detail | F5: 2917 | G5: 2179 | H5: 64 | I5: 433 | J5: 857 | K5: 673 | L5: 150 | M5: 2 | N5: 738
A6: 2024 | B6: Regular | C6: Chiniot | D6: Commerce | E6: Detail | F6: 61 | G6: 52 | H6: 2 | I6: 11 | J6: 8 | K6: 24 | L6: 7 | M6: 0 | N6: 9
A7: 2024 | B7: Regular | C7: Chiniot | D7: District Wise Total | E7: District Total | F7: 5807 | G7: 4617 | H7: 362 | I7: 1014 | J7: 1663 | K7: 1342 | L7: 233 | M7: 3 | N7: 1190
A8: 2024 | B8: Regular | C8: Faisalabad | D8: Pre-Medical | E8: Detail | F8: 16034 | G8: 14186 | H8: 3052 | I8: 3521 | J8: 4151 | K8: 3108 | L8: 354 | M8: 0 | N8: 1848
A9: 2024 | B9: Regular | C9: Faisalabad | D9: Pre-Engineering | E9: Detail | F9: 4010 | G9: 3442 | H9: 428 | I9: 761 | J9: 1175 | K9: 926 | L9: 152 | M9: 0 | N9: 568
A10: 2024 | B10: Regular | C10: Faisalabad | D10: General Science | E10: Detail | F10: 11335 | G10: 7863 | H10: 506 | I10: 1263 | J10: 2683 | K10: 2841 | L10: 569 | M10: 1 | N10: 3472
A11: 2024 | B11: Regular | C11: Faisalabad | D11: Humanities | E11: Detail | F11: 14334 | G11: 10204 | H11: 176 | I11: 1411 | J11: 3678 | K11: 3938 | L11: 995 | M11: 6 | N11: 4130
A12: 2024 | B12: Regular | C12: Faisalabad | D12: Commerce | E12: Detail | F12: 2175 | G12: 1603 | H12: 61 | I12: 199 | J12: 482 | K12: 637 | L12: 217 | M12: 7 | N12: 572
A13: 2024 | B13: Regular | C13: Faisalabad | D13: District Wise Total | E13: District Total | F13: 47888 | G13: 37298 | H13: 4223 | I13: 7155 | J13: 12169 | K13: 11450 | L13: 2287 | M13: 14 | N13: 10590
... A79: 2026 | B79: Regular | C79: All Districts | D79: Over All Regular Candidates Total | E79: Grand Total | F79: 86873 | G79: 68017 | H79: 9818 | I79: 15331 | J79: 22954 | K79: 16855 | L79: 3030 | M79: 29 | N79: 18856

Sheet FSD Regular Gender-School
A1: Year | B1: District | C1: School_Type | D1: Gender | E1: Group | F1: Row_Type | G1: Appeared | H1: Pass | I1: A+ | J1: A | K1: B | L1: C | M1: D | N1: E | O1: Fail
A2: 2024 | B2: Chiniot | C2: Government | D2: Male | E2: Pre-Medical | F2: Detail | G2: 91 | H2: 74 | I2: 7 | J2: 12 | K2: 23 | L2: 28 | M2: 4 | N2: 0 | O2: 17
A3: 2024 | B3: Chiniot | C3: Government | D3: Male | E3: Pre-Engineering | F3: Detail | G3: 38 | H3: 32 | I3: 1 | J3: 7 | K3: 9 | L3: 13 | M3: 2 | N3: 0 | O3: 6
A4: 2024 | B4: Chiniot | C4: Government | D4: Male | E4: General Science | F4: Detail | G4: 291 | H4: 163 | I4: 2 | J4: 12 | K4: 39 | L4: 90 | M4: 19 | N4: 1 | O4: 128
A5: 2024 | B5: Chiniot | C5: Government | D5: Male | E5: Humanities | F5: Detail | G5: 1125 | H5: 690 | I5: 7 | J5: 68 | K5: 225 | L5: 289 | M5: 99 | N5: 2 | O5: 435
A6: 2024 | B6: Chiniot | C6: Government | D6: Male | E6: Commerce | F6: Detail | G6: 28 | H6: 21 | I6: 1 | J6: 1 | K6: 2 | L6: 13 | M6: 4 | N6: 0 | O6: 7
A7: 2024 | B7: Chiniot | C7: Government | D7: Female | E7: Pre-Medical | F7: Detail | G7: 189 | H7: 181 | I7: 10 | J7: 33 | K7: 79 | L7: 55 | M7: 4 | N7: 0 | O7: 8
A8: 2024 | B8: Chiniot | C8: Government | D8: Female | E8: Pre-Engineering | F8: Detail | G8: 29 | H8: 26 | I8: 2 | J8: 6 | K8: 10 | L8: 7 | M8: 1 | N8: 0 | O8: 3
A9: 2024 | B9: Chiniot | C9: Government | D9: Female | E9: General Science | F9: Detail | G9: 154 | H9: 138 | I9: 4 | J9: 17 | K9: 50 | L9: 64 | M9: 3 | N9: 0 | O9: 16
A10: 2024 | B10: Chiniot | C10: Government | D10: Female | E10: Humanities | F10: Detail | G10: 913 | H10: 752 | I10: 26 | J10: 167 | K10: 302 | L10: 224 | M10: 33 | N10: 0 | O10: 161
A11: 2024 | B11: Chiniot | C11: Private | D11: Male | E11: Pre-Medical | F11: Detail | G11: 391 | H11: 337 | I11: 76 | J11: 105 | K11: 101 | L11: 51 | M11: 4 | N11: 0 | O11: 54
A12: 2024 | B12: Chiniot | C12: Private | D12: Male | E12: Pre-Engineering | F12: Detail | G12: 152 | H12: 138 | I12: 12 | J12: 30 | K12: 44 | L12: 50 | M12: 2 | N12: 0 | O12: 14
A13: 2024 | B13: Chiniot | C13: Private | D13: Male | E13: General Science | F13: Detail | G13: 367 | H13: 313 | I13: 13 | J13: 53 | K13: 112 | L13: 106 | M13: 29 | N13: 0 | O13: 54
... A235: 2026 | B235: Toba Tek Singh | C235: Private | D235: Female | E235: Commerce | F235: Detail | G235: 14 | H235: 11 | I235: 2 | J235: 2 | K235: 4 | L235: 2 | M235: 1 | N235: 0 | O235: 3

Sheet FSD Private District-Group
A1: Year | B1: Candidate_Type | C1: District | D1: Group | E1: Row_Type | F1: Appeared | G1: Pass | H1: A+ | I1: A | J1: B | K1: C | L1: D | M1: E | N1: Fail
A2: 2024 | B2: Private | C2: Faisalabad | D2: Pre-Medical | E2: Detail | F2: 2505 | G2: 1553 | H2: 666 | I2: 132 | J2: 128 | K2: 336 | L2: 280 | M2: 11 | N2: 952
A3: 2024 | B3: Private | C3: Faisalabad | D3: Pre-Engineering | E3: Detail | F3: 768 | G3: 408 | H3: 2 | I3: 8 | J3: 34 | K3: 103 | L3: 182 | M3: 79 | N3: 360
A4: 2024 | B4: Private | C4: Faisalabad | D4: General Science | E4: Detail | F4: 1582 | G4: 595 | H4: 1 | I4: 4 | J4: 31 | K4: 165 | L4: 380 | M4: 14 | N4: 987
A5: 2024 | B5: Private | C5: Faisalabad | D5: Humanities | E5: Detail | F5: 9086 | G5: 3939 | H5: 25 | I5: 203 | J5: 850 | K5: 1530 | L5: 1219 | M5: 112 | N5: 5147
A6: 2024 | B6: Private | C6: Faisalabad | D6: Commerce | E6: Detail | F6: 1187 | G6: 425 | H6: 0 | I6: 11 | J6: 53 | K6: 139 | L6: 193 | M6: 29 | N6: 762
A7: 2024 | B7: Private | C7: Faisalabad | D7: Islamic Studies | E7: Detail | F7: 36 | G7: 10 | H7: 0 | I7: 3 | J7: 5 | K7: 2 | L7: 0 | M7: 0 | N7: 26
A8: 2024 | B8: Private | C8: Faisalabad | D8: Medical Technology | E8: Detail | F8: 30 | G8: 5 | H8: 0 | I8: 0 | J8: 0 | K8: 0 | L8: 0 | M8: 5 | N8: 25
A9: 2024 | B9: Private | C9: Faisalabad | D9: Homeopathic | E9: Detail | F9: 5 | G9: 1 | H9: 0 | I9: 0 | J9: 0 | K9: 0 | L9: 0 | M9: 1 | N9: 4
A10: 2024 | B10: Private | C10: Faisalabad | D10: Shahdat-ul-Sanvia Khasa | E10: Detail | F10: 3 | G10: 1 | H10: 0 | I10: 0 | J10: 0 | K10: 0 | L10: 0 | M10: 1 | N10: 2
A11: 2024 | B11: Private | C11: Faisalabad | D11: District Wise Total | E11: District Total | F11: 15202 | G11: 6937 | H11: 694 | I11: 361 | J11: 1101 | K11: 2275 | L11: 2254 | M11: 252 | N11: 8265
A12: 2024 | B12: Private | C12: Jhang | D12: Pre-Medical | E12: Detail | F12: 702 | G12: 538 | H12: 194 | I12: 71 | J12: 75 | K12: 122 | L12: 72 | M12: 4 | N12: 164
A13: 2024 | B13: Private | C13: Jhang | D13: Pre-Engineering | E13: Detail | F13: 164 | G13: 97 | H13: 5 | I13: 7 | J13: 15 | K13: 31 | L13: 19 | M13: 20 | N13: 67
... A115: 2026 | B115: Private | C115: All Districts | D115: Over All Private Candidates Total | E115: Grand Total | F115: 22371 | G115: 9691 | H115: 1155 | I115: 726 | J115: 1881 | K115: 3379 | L115: 2303 | M115: 247 | N115: 12680

Sheet FSD Private Gender
A1: Year | B1: District | C1: Gender | D1: Group | E1: Row_Type | F1: Appeared | G1: Pass | H1: A+ | I1: A | J1: B | K1: C | L1: D | M1: E | N1: Fail
A2: 2024 | B2: Chiniot | C2: Male | D2: Pre-Medical | E2: Detail | F2: 118 | G2: 65 | H2: 30 | I2: 7 | J2: 6 | K2: 15 | L2: 7 | M2: 0 | N2: 53
A3: 2024 | B3: Chiniot | C3: Male | D3: Pre-Engineering | E3: Detail | F3: 51 | G3: 41 | H3: 0 | I3: 5 | J3: 9 | K3: 11 | L3: 9 | M3: 7 | N3: 10
A4: 2024 | B4: Chiniot | C4: Male | D4: General Science | E4: Detail | F4: 80 | G4: 37 | H4: 0 | I4: 2 | J4: 6 | K4: 4 | L4: 25 | M4: 0 | N4: 43
A5: 2024 | B5: Chiniot | C5: Male | D5: Humanities | E5: Detail | F5: 1181 | G5: 455 | H5: 2 | I5: 14 | J5: 80 | K5: 209 | L5: 137 | M5: 13 | N5: 726
A6: 2024 | B6: Chiniot | C6: Male | D6: Commerce | E6: Detail | F6: 32 | G6: 23 | H6: 0 | I6: 0 | J6: 0 | K6: 10 | L6: 12 | M6: 1 | N6: 9
A7: 2024 | B7: Chiniot | C7: Male | D7: Islamic Studies | E7: Detail | F7: 3 | G7: 0 | H7: 0 | I7: 0 | J7: 0 | K7: 0 | L7: 0 | M7: 0 | N7: 3
A8: 2024 | B8: Chiniot | C8: Male | D8: Medical Technology | E8: Detail | F8: 2 | G8: 0 | H8: 0 | I8: 0 | J8: 0 | K8: 0 | L8: 0 | M8: 0 | N8: 2
A9: 2024 | B9: Chiniot | C9: Female | D9: Pre-Medical | E9: Detail | F9: 123 | G9: 95 | H9: 35 | I9: 9 | J9: 12 | K9: 18 | L9: 20 | M9: 1 | N9: 28
A10: 2024 | B10: Chiniot | C10: Female | D10: Pre-Engineering | E10: Detail | F10: 22 | G10: 15 | H10: 0 | I10: 0 | J10: 3 | K10: 5 | L10: 4 | M10: 3 | N10: 7
A11: 2024 | B11: Chiniot | C11: Female | D11: General Science | E11: Detail | F11: 43 | G11: 23 | H11: 0 | I11: 0 | J11: 1 | K11: 7 | L11: 15 | M11: 0 | N11: 20
A12: 2024 | B12: Chiniot | C12: Female | D12: Humanities | E12: Detail | F12: 514 | G12: 308 | H12: 12 | I12: 44 | J12: 98 | K12: 100 | L12: 50 | M12: 4 | N12: 206
A13: 2024 | B13: Chiniot | C13: Female | D13: Commerce | E13: Detail | F13: 3 | G13: 0 | H13: 0 | I13: 0 | J13: 0 | K13: 0 | L13: 0 | M13: 0 | N13: 3
... A184: 2026 | B184: Toba Tek Singh | C184: Female | D184: Shahdat-ul-Sanvia Khasa | E184: Detail | F184: 1 | G184: 1 | H184: 0 | I184: 0 | J184: 0 | K184: 0 | L184: 0 | M184: 1 | N184: 0

Sheet FSD Overall Grade-wise
A1: Year | B1: Candidate_Type | C1: Group | D1: Row_Type | E1: Appeared | F1: Pass | G1: A+ | H1: A | I1: B | J1: C | K1: D | L1: E | M1: Fail
A2: 2024 | B2: Private | C2: Pre-Medical | D2: Detail | E2: 4097 | F2: 2752 | G2: 1153 | H2: 259 | I2: 268 | J2: 606 | K2: 448 | L2: 18 | M2: 1345
A3: 2024 | B3: Private | C3: Pre-Engineering | D3: Detail | E3: 1163 | F3: 660 | G3: 8 | H3: 24 | I3: 74 | J3: 181 | K3: 245 | L3: 128 | M3: 503
A4: 2024 | B4: Private | C4: General Science | D4: Detail | E4: 2351 | F4: 983 | G4: 1 | H4: 10 | I4: 56 | J4: 290 | K4: 608 | L4: 18 | M4: 1368
A5: 2024 | B5: Private | C5: Humanities | D5: Detail | E5: 14765 | F5: 6481 | G5: 49 | H5: 354 | I5: 1478 | J5: 2580 | K5: 1858 | L5: 162 | M5: 8284
A6: 2024 | B6: Private | C6: Commerce | D6: Detail | E6: 1319 | F6: 476 | G6: 0 | H6: 11 | I6: 57 | J6: 162 | K6: 213 | L6: 33 | M6: 843
A7: 2024 | B7: Private | C7: Islamic Studies | D7: Detail | E7: 68 | F7: 18 | G7: 0 | H7: 4 | I7: 8 | J7: 5 | K7: 0 | L7: 1 | M7: 50
A8: 2024 | B8: Private | C8: Medical Technology | D8: Detail | E8: 35 | F8: 6 | G8: 0 | H8: 0 | I8: 0 | J8: 0 | K8: 0 | L8: 6 | M8: 29
A9: 2024 | B9: Private | C9: Homeopathic | D9: Detail | E9: 5 | F9: 1 | G9: 0 | H9: 0 | I9: 0 | J9: 0 | K9: 0 | L9: 1 | M9: 4
A10: 2024 | B10: Private | C10: Shahdat-ul-Sanvia Khasa | D10: Detail | E10: 7 | F10: 1 | G10: 0 | H10: 0 | I10: 0 | J10: 0 | K10: 0 | L10: 1 | M10: 6
A11: 2024 | B11: Private | C11: Over All Private Candidates Total | D11: Total | E11: 23810 | F11: 11378 | G11: 1211 | H11: 662 | I11: 1941 | J11: 3824 | K11: 3372 | L11: 368 | M11: 12432
A12: 2024 | B12: Regular | C12: Pre-Medical | D12: Detail | E12: 26923 | F12: 24069 | G12: 5118 | H12: 6110 | I12: 7389 | J12: 4956 | K12: 496 | L12: 0 | M12: 2854
A13: 2024 | B13: Regular | C13: Pre-Engineering | D13: Detail | E13: 6445 | F13: 5672 | G13: 692 | H13: 1274 | I13: 1972 | J13: 1507 | K13: 227 | L13: 0 | M13: 773
... A52: 2026 | B52: Regular | C52: Over All Regular Candidates Total | D52: Total | E52: 86873 | F52: 68017 | G52: 9818 | H52: 15331 | I52: 22954 | J52: 16855 | K52: 3030 | L52: 29 | M52: 18856

Sheet FSD Subjects
A1: Year | B1: Candidate_Type | C1: Part | D1: Subject_Name | E1: Abbr | F1: Enroll | G1: Absent | H1: Appear | I1: Pass | J1: Pass_Pct
A2: 2024 | B2: Regular | C2: Part - 2 | D2: Arabic | E2: ARB | F2: 1167 | G2: 6 | H2: 1161 | I2: 1151 | J2: 0.9914
A3: 2024 | B3: Regular | C3: Part - 2 | D3: Banking | E3: BAN | F3: 2445 | G3: 23 | H3: 2422 | I3: 2405 | J3: 0.993
A4: 2024 | B4: Regular | C4: Part - 2 | D4: Biology | E4: BIO | F4: 27087 | G4: 217 | H4: 26870 | I4: 25157 | J4: 0.9362
A5: 2024 | B5: Regular | C5: Part - 2 | D5: Chemistry | E5: CHM | F5: 33576 | G5: 273 | H5: 33303 | I5: 31410 | J5: 0.9432
A6: 2024 | B6: Regular | C6: Part - 2 | D6: Civics | E6: CIV | F6: 5182 | G6: 78 | H6: 5104 | I6: 4975 | J6: 0.9747
A7: 2024 | B7: Regular | C7: Part - 2 | D7: Commercial Geography | E7: CMG | F7: 2445 | G7: 24 | H7: 2421 | I7: 2396 | J7: 0.9897
A8: 2024 | B8: Regular | C8: Part - 2 | D8: Computer Science | E8: CSC | F8: 28796 | G8: 442 | H8: 28354 | I8: 25352 | J8: 0.8941
A9: 2024 | B9: Regular | C9: Part - 2 | D9: Economics | E9: ECO | F9: 6169 | G9: 79 | H9: 6090 | I9: 5944 | J9: 0.976
A10: 2024 | B10: Regular | C10: Part - 2 | D10: Education | E10: EDU | F10: 12043 | G10: 133 | H10: 11910 | I10: 11698 | J10: 0.9822
A11: 2024 | B11: Regular | C11: Part - 2 | D11: English | E11: ENG | F11: 80084 | G11: 757 | H11: 79327 | I11: 71130 | J11: 0.8967
A12: 2024 | B12: Regular | C12: Part - 2 | D12: English Elective | E12: ENE | F12: 28 | G12: 0 | H12: 28 | I12: 28 | J12: 1
A13: 2024 | B13: Regular | C13: Part - 2 | D13: Ethics | E13: ETH | F13: 1076 | G13: 18 | H13: 1058 | I13: 1051 | J13: 0.9934
... A395: 2026 | B395: Private | C395: Part - 2 | D395: Pakistan Studies | E395: PST | F395: 11748 | G395: 1210 | H395: 10538 | I395: 10321 | J395: 0.9794
A396: 2026 | B396: Private | C396: Part - 2 | D396: Pakistani Culture | E396: PKC | F396: 1 | G396: 1 | H396: 0 | I396: 0
A397: 2026 | B397: Private | C397: Part - 2 | D397: Persian | E397: PER | F397: 560 | G397: 41 | H397: 519 | I397: 503 | J397: 0.9692
A398: 2026 | B398: Private | C398: Part - 2 | D398: Philosophy | E398: PHL | F398: 125 | G398: 13 | H398: 112 | I398: 85 | J398: 0.7589
A399: 2026 | B399: Private | C399: Part - 2 | D399: Physics | E399: PHY | F399: 360 | G399: 66 | H399: 294 | I399: 194 | J399: 0.6599
A400: 2026 | B400: Private | C400: Part - 2 | D400: Principles Of Accounting | E400: PAC | F400: 776 | G400: 64 | H400: 712 | I400: 617 | J400: 0.8666
A401: 2026 | B401: Private | C401: Part - 2 | D401: Psychology | E401: PSY | F401: 25 | G401: 7 | H401: 18 | I401: 17 | J401: 0.9444
A402: 2026 | B402: Private | C402: Part - 2 | D402: Punjabi | E402: PUN | F402: 2203 | G402: 245 | H402: 1958 | I402: 1859 | J402: 0.9494
A403: 2026 | B403: Private | C403: Part - 2 | D403: Sociology | E403: SOC | F403: 2463 | G403: 293 | H403: 2170 | I403: 1983 | J403: 0.9138
A404: 2026 | B404: Private | C404: Part - 2 | D404: Statistics | E404: STT | F404: 16 | G404: 4 | H404: 12 | I404: 8 | J404: 0.6667
A405: 2026 | B405: Private | C405: Part - 2 | D405: Statistics(Commerce Group) | E405: BST | F405: 761 | G405: 64 | H405: 697 | I405: 623 | J405: 0.8938
A406: 2026 | B406: Private | C406: Part - 2 | D406: Translation Of The Holy Quran | E406: THQ | F406: 11471 | G406: 969 | H406: 10502 | I406: 9931 | J406: 0.9456
A407: 2026 | B407: Private | C407: Part - 2 | D407: Urdu | E407: URD | F407: 13039 | G407: 1316 | H407: 11723 | I407: 9785 | J407: 0.8347
A408: 2026 | B408: Private | C408: Part - 2 | D408: Urdu Advance | E408: UAD | F408: 61 | G408: 15 | H408: 46 | I408: 43 | J408: 0.9348
... A432: 2026 | B432: Private | C432: Part - 1 | D432: Outlines Of Home-Economics | E432: OHE | F432: 12 | G432: 4 | H432: 8 | I432: 7 | J432: 0.875
A433: 2026 | B433: Private | C433: Part - 1 | D433: Pakistani Culture | E433: PKC | F433: 2 | G433: 2 | H433: 0 | I433: 0
A434: 2026 | B434: Private | C434: Part - 1 | D434: Persian | E434: PER | F434: 178 | G434: 30 | H434: 148 | I434: 141 | J434: 0.9527
A435: 2026 | B435: Private | C435: Part - 1 | D435: Philosophy | E435: PHL | F435: 41 | G435: 7 | H435: 34 | I435: 21 | J435: 0.6176
A436: 2026 | B436: Private | C436: Part - 1 | D436: Physics | E436: PHY | F436: 1284 | G436: 157 | H436: 1127 | I436: 698 | J436: 0.6193
A437: 2026 | B437: Private | C437: Part - 1 | D437: Principles Of Accounting | E437: PAC | F437: 281 | G437: 49 | H437: 232 | I437: 189 | J437: 0.8147
A438: 2026 | B438: Private | C438: Part - 1 | D438: Principles Of Commerce | E438: PCO | F438: 171 | G438: 39 | H438: 132 | I438: 119 | J438: 0.9015
A439: 2026 | B439: Private | C439: Part - 1 | D439: Principles Of Economics | E439: PEC | F439: 391 | G439: 54 | H439: 337 | I439: 246 | J439: 0.73
A440: 2026 | B440: Private | C440: Part - 1 | D440: Psychology | E440: PSY | F440: 26 | G440: 8 | H440: 18 | I440: 17 | J440: 0.9444
A441: 2026 | B441: Private | C441: Part - 1 | D441: Punjabi | E441: PUN | F441: 1060 | G441: 221 | H441: 839 | I441: 784 | J441: 0.9344
A442: 2026 | B442: Private | C442: Part - 1 | D442: Religious Education | E442: RLE | F442: 103 | G442: 18 | H442: 85 | I442: 77 | J442: 0.9059
A443: 2026 | B443: Private | C443: Part - 1 | D443: Sociology | E443: SOC | F443: 1488 | G443: 284 | H443: 1204 | I443: 792 | J443: 0.6578
A444: 2026 | B444: Private | C444: Part - 1 | D444: Statistics | E444: STT | F444: 45 | G444: 9 | H444: 36 | I444: 7 | J444: 0.1944
A445: 2026 | B445: Private | C445: Part - 1 | D445: Translation Of The Holy Quran | E445: THQ | F445: 5009 | G445: 1004 | H445: 4005 | I445: 3888 | J445: 0.9708
... A447: 2026 | B447: Private | C447: Part - 1 | D447: Urdu Advance | E447: UAD | F447: 58 | G447: 12 | H447: 46 | I447: 41 | J447: 0.8913

Sheet GRW Year-over-Year Summary
A1: BISE Gujranwala — HSSC First Annual Part-II: Year-over-Year Summary (2024-2026)
A2: 2024 and 2025 gazettes supplied; 2026 not yet. Appeared/Passed are the sum of all groups (Regular + Private). Pass % is calculated; the gazette gives no overall figure or applied count.
A4: Year | B4: Appeared | C4: Passed | D4: Pass %
A5: 2024 | B5: 142834 | C5: 89019 | D5: =ROUND(C5/B5*100,2) -> 62.32
A6: 2025 | B6: 135810 | C6: 85696 | D6: =ROUND(C6/B6*100,2) -> 63.1

Sheet GRW 2024 Pre-Medical Stats
A1: Pre-Medical Group — Category-wise Results — HSSC First Annual Part-II 2024
A2: Source: BISE Gujranwala, HSSC First Annual Part-II Examination 2024 gazette. Pass % as published. Gazette inconsistency kept as published: A+ to E do not add up to Pass for Regular Male (Pass 5,780 vs grades 5,729); Regular Female (Pass 21,947 vs grades 21,784); Sub Total (Regular) (Pass 27,727 vs grades 27,513); Grand Total (Pass 31,347 vs grades 31,133).
A4: Category | B4: Appeared | C4: Pass | D4: A+ | E4: A | F4: B | G4: C | H4: D | I4: E | J4: Pass %
A5: Regular Male | B5: 7637 | C5: 5780 | D5: 1036 | E5: 1192 | F5: 1618 | G5: 1615 | H5: 268 | I5: 0 | J5: 75.68
A6: Regular Female | B6: 26177 | C6: 21947 | D6: 4298 | E6: 5753 | F6: 6901 | G6: 4479 | H6: 353 | I6: 0 | J6: 83.84
A7: Sub Total (Regular) | B7: 33814 | C7: 27727 | D7: 5334 | E7: 6945 | F7: 8519 | G7: 6094 | H7: 621 | I7: 0 | J7: 82
A8: Private Male | B8: 1704 | C8: 976 | D8: 283 | E8: 71 | F8: 84 | G8: 206 | H8: 302 | I8: 30 | J8: 57.28
A9: Private Female | B9: 4143 | C9: 2644 | D9: 858 | E9: 227 | F9: 210 | G9: 666 | H9: 630 | I9: 53 | J9: 63.82
A10: Sub Total (Private) | B10: 5847 | C10: 3620 | D10: 1141 | E10: 298 | F10: 294 | G10: 872 | H10: 932 | I10: 83 | J10: 61.91
A11: Grand Total | B11: 39661 | C11: 31347 | D11: 6475 | E11: 7243 | F11: 8813 | G11: 6966 | H11: 1553 | I11: 83 | J11: 79.04

Sheet GRW 2024 Pre-Engineering Stats
A1: Pre-Engineering Group — Category-wise Results — HSSC First Annual Part-II 2024
A2: Source: BISE Gujranwala, HSSC First Annual Part-II Examination 2024 gazette. Pass % as published. Gazette inconsistency kept as published: A+ to E do not add up to Pass for Regular Male (Pass 3,115 vs grades 3,089); Regular Female (Pass 3,238 vs grades 3,220); Sub Total (Regular) (Pass 6,353 vs grades 6,309); Grand Total (Pass 7,032 vs grades 6,988).
A4: Category | B4: Appeared | C4: Pass | D4: A+ | E4: A | F4: B | G4: C | H4: D | I4: E | J4: Pass %
A5: Regular Male | B5: 4233 | C5: 3115 | D5: 301 | E5: 639 | F5: 951 | G5: 967 | H5: 229 | I5: 2 | J5: 73.59
A6: Regular Female | B6: 3906 | C6: 3238 | D6: 352 | E6: 682 | F6: 1101 | G6: 963 | H6: 122 | I6: 0 | J6: 82.9
A7: Sub Total (Regular) | B7: 8139 | C7: 6353 | D7: 653 | E7: 1321 | F7: 2052 | G7: 1930 | H7: 351 | I7: 2 | J7: 78.06
A8: Private Male | B8: 934 | C8: 409 | D8: 2 | E8: 8 | F8: 25 | G8: 131 | H8: 231 | I8: 12 | J8: 43.79
A9: Private Female | B9: 516 | C9: 270 | D9: 2 | E9: 6 | F9: 18 | G9: 91 | H9: 149 | I9: 4 | J9: 52.33
A10: Sub Total (Private) | B10: 1450 | C10: 679 | D10: 4 | E10: 14 | F10: 43 | G10: 222 | H10: 380 | I10: 16 | J10: 46.83
A11: Grand Total | B11: 9589 | C11: 7032 | D11: 657 | E11: 1335 | F11: 2095 | G11: 2152 | H11: 731 | I11: 18 | J11: 73.33

Sheet GRW 2024 Humanities Stats
A1: Humanities Group — Category-wise Results — HSSC First Annual Part-II 2024
A2: Source: BISE Gujranwala, HSSC First Annual Part-II Examination 2024 gazette. Pass % as published. Gazette inconsistency kept as published: A+ to E do not add up to Pass for Regular Male (Pass 2,817 vs grades 2,784); Regular Female (Pass 13,746 vs grades 13,642); Sub Total (Regular) (Pass 16,563 vs grades 16,426); Private Male (Pass 1,884 vs grades 1,868); Private Female (Pass 6,848 vs grades 6,804); Sub Total (Private) (Pass 8,732 vs grades 8,672); Grand Total (Pass 25,295 vs grades 25,098).
A4: Category | B4: Appeared | C4: Pass | D4: A+ | E4: A | F4: B | G4: C | H4: D | I4: E | J4: Pass %
A5: Regular Male | B5: 7077 | C5: 2817 | D5: 31 | E5: 232 | F5: 723 | G5: 1107 | H5: 670 | I5: 21 | J5: 39.81
A6: Regular Female | B6: 21143 | C6: 13746 | D6: 306 | E6: 1959 | F6: 4864 | G6: 4952 | H6: 1526 | I6: 35 | J6: 65.01
A7: Sub Total (Regular) | B7: 28220 | C7: 16563 | D7: 337 | E7: 2191 | F7: 5587 | G7: 6059 | H7: 2196 | I7: 56 | J7: 58.69
A8: Private Male | B8: 7462 | C8: 1884 | D8: 7 | E8: 66 | F8: 286 | G8: 665 | H8: 735 | I8: 109 | J8: 25.25
A9: Private Female | B9: 14379 | C9: 6848 | D9: 67 | E9: 599 | F9: 1898 | G9: 2532 | H9: 1565 | I9: 143 | J9: 47.63
A10: Sub Total (Private) | B10: 21841 | C10: 8732 | D10: 74 | E10: 665 | F10: 2184 | G10: 3197 | H10: 2300 | I10: 252 | J10: 39.98
A11: Grand Total | B11: 50061 | C11: 25295 | D11: 411 | E11: 2856 | F11: 7771 | G11: 9256 | H11: 4496 | I11: 308 | J11: 50.53

Sheet GRW 2024 General Science Stats
A1: General Science Group — Category-wise Results — HSSC First Annual Part-II 2024
A2: Source: BISE Gujranwala, HSSC First Annual Part-II Examination 2024 gazette. Pass % as published. Gazette inconsistency kept as published: A+ to E do not add up to Pass for Regular Male (Pass 7,052 vs grades 6,998); Regular Female (Pass 10,205 vs grades 10,132); Sub Total (Regular) (Pass 17,257 vs grades 17,130); Grand Total (Pass 18,845 vs grades 18,718).
A4: Category | B4: Appeared | C4: Pass | D4: A+ | E4: A | F4: B | G4: C | H4: D | I4: E | J4: Pass %
A5: Regular Male | B5: 13307 | C5: 7052 | D5: 272 | E5: 781 | F5: 1783 | G5: 2885 | H5: 1258 | I5: 19 | J5: 52.99
A6: Regular Female | B6: 14948 | C6: 10205 | D6: 616 | E6: 1694 | F6: 3379 | G6: 3626 | H6: 812 | I6: 5 | J6: 68.27
A7: Sub Total (Regular) | B7: 28255 | C7: 17257 | D7: 888 | E7: 2475 | F7: 5162 | G7: 6511 | H7: 2070 | I7: 24 | J7: 61.08
A8: Private Male | B8: 2335 | C8: 823 | D8: 1 | E8: 2 | F8: 16 | G8: 189 | H8: 571 | I8: 44 | J8: 35.25
A9: Private Female | B9: 2004 | C9: 765 | D9: 1 | E9: 5 | F9: 18 | G9: 265 | H9: 457 | I9: 19 | J9: 38.17
A10: Sub Total (Private) | B10: 4339 | C10: 1588 | D10: 2 | E10: 7 | F10: 34 | G10: 454 | H10: 1028 | I10: 63 | J10: 36.6
A11: Grand Total | B11: 32594 | C11: 18845 | D11: 890 | E11: 2482 | F11: 5196 | G11: 6965 | H11: 3098 | I11: 87 | J11: 57.82

Sheet GRW 2024 Commerce Stats
A1: Commerce Group — Category-wise Results — HSSC First Annual Part-II 2024
A2: Source: BISE Gujranwala, HSSC First Annual Part-II Examination 2024 gazette. Pass % as published. Gazette inconsistency kept as published: A+ to E do not add up to Pass for Regular Male (Pass 2,001 vs grades 1,987); Regular Female (Pass 3,294 vs grades 3,270); Sub Total (Regular) (Pass 5,295 vs grades 5,257); Private Male (Pass 547 vs grades 545); Private Female (Pass 638 vs grades 632); Sub Total (Private) (Pass 1,185 vs grades 1,177); Grand Total (Pass 6,480 vs grades 6,434).
A4: Category | B4: Appeared | C4: Pass | D4: A+ | E4: A | F4: B | G4: C | H4: D | I4: E | J4: Pass %
A5: Regular Male | B5: 3764 | C5: 2001 | D5: 28 | E5: 115 | F5: 355 | G5: 733 | H5: 722 | I5: 34 | J5: 53.16
A6: Regular Female | B6: 4075 | C6: 3294 | D6: 128 | E6: 516 | F6: 1048 | G6: 1153 | H6: 417 | I6: 8 | J6: 80.83
A7: Sub Total (Regular) | B7: 7839 | C7: 5295 | D7: 156 | E7: 631 | F7: 1403 | G7: 1886 | H7: 1139 | I7: 42 | J7: 67.55
A8: Private Male | B8: 1820 | C8: 547 | D8: 0 | E8: 5 | F8: 27 | G8: 124 | H8: 344 | I8: 45 | J8: 30.05
A9: Private Female | B9: 1241 | C9: 638 | D9: 5 | E9: 42 | F9: 115 | G9: 220 | H9: 222 | I9: 28 | J9: 51.41
A10: Sub Total (Private) | B10: 3061 | C10: 1185 | D10: 5 | E10: 47 | F10: 142 | G10: 344 | H10: 566 | I10: 73 | J10: 38.71
A11: Grand Total | B11: 10900 | C11: 6480 | D11: 161 | E11: 678 | F11: 1545 | G11: 2230 | H11: 1705 | I11: 115 | J11: 59.45

Sheet GRW 2024 Home Economics Stats
A1: Home Economics Group — Category-wise Results — HSSC First Annual Part-II 2024
A2: Source: BISE Gujranwala, HSSC First Annual Part-II Examination 2024 gazette. Pass % as published.
A4: Category | B4: Appeared | C4: Pass | D4: A+ | E4: A | F4: B | G4: C | H4: D | I4: E | J4: Pass %
A5: Regular Female | B5: 21 | C5: 17 | D5: 0 | E5: 4 | F5: 10 | G5: 3 | H5: 0 | I5: 0 | J5: 80.95
A6: Sub Total (Regular) | B6: 21 | C6: 17 | D6: 0 | E6: 4 | F6: 10 | G6: 3 | H6: 0 | I6: 0 | J6: 80.95
A7: Private Female | B7: 8 | C7: 3 | D7: 0 | E7: 0 | F7: 0 | G7: 2 | H7: 1 | I7: 0 | J7: 37.5
A8: Sub Total (Private) | B8: 8 | C8: 3 | D8: 0 | E8: 0 | F8: 0 | G8: 2 | H8: 1 | I8: 0 | J8: 37.5
A9: Grand Total | B9: 29 | C9: 20 | D9: 0 | E9: 4 | F9: 10 | G9: 5 | H9: 1 | I9: 0 | J9: 68.97

Sheet GRW 2024 District-wise Stats
A1: District-Wise Statistical Data — HSSC First Annual Part-II 2024
A2: Source: BISE Gujranwala, HSSC First Annual Part-II Examination 2024 gazette. Pass % as published. Total Pass % is calculated (Pass ÷ Appeared).
A4: District | B4: Private Female Appeared | C4: Private Female Pass | D4: Private Male Appeared | E4: Private Male Pass | F4: Regular Female Appeared | G4: Regular Female Pass | H4: Regular Male Appeared | I4: Regular Male Pass | J4: Total Appeared | K4: Total Pass | L4: Total Pass %
A5: Gujranwala | B5: 7491 | C5: 3811 | D5: 5186 | E5: 1681 | F5: 20714 | G5: 15996 | H5: 10969 | I5: 6447 | J5: 44360 | K5: 27935 | L5: =ROUND(K5/J5*100,2) -> 62.97
A6: Gujrat | B6: 2994 | C6: 1347 | D6: 1771 | E6: 569 | F6: 11928 | G6: 8693 | H6: 5559 | I6: 3027 | J6: 22252 | K6: 13636 | L6: =ROUND(K6/J6*100,2) -> 61.28
A7: Hafizabad | B7: 1592 | C7: 832 | D7: 1130 | E7: 417 | F7: 4006 | G7: 3048 | H7: 2943 | I7: 1937 | J7: 9671 | K7: 6234 | L7: =ROUND(K7/J7*100,2) -> 64.46
A8: Mandi Baha-ud-Din | B8: 1797 | C8: 1010 | D8: 1077 | E8: 306 | F8: 6136 | G8: 4957 | H8: 2634 | I8: 1614 | J8: 11644 | K8: 7887 | L8: =ROUND(K8/J8*100,2) -> 67.73
A9: Narowal | B9: 2496 | C9: 1273 | D9: 1365 | E9: 509 | F9: 8377 | G9: 6334 | H9: 4424 | I9: 2705 | J9: 16662 | K9: 10821 | L9: =ROUND(K9/J9*100,2) -> 64.94
A10: Sialkot | B10: 5921 | C10: 2895 | D10: 3726 | E10: 1157 | F10: 19109 | G10: 13419 | H10: 9489 | I10: 5035 | J10: 38245 | K10: 22506 | L10: =ROUND(K10/J10*100,2) -> 58.85
A11: Total | B11: 22291 | C11: 11168 | D11: 14255 | E11: 4639 | F11: 70270 | G11: 52447 | H11: 36018 | I11: 20765 | J11: 142834 | K11: 89019 | L11: =ROUND(K11/J11*100,2) -> 62.32

Sheet GRW 2024 Subject Pass % Part-II
A1: Subject Wise Pass Percentage — Part-II — HSSC First Annual 2024
A2: Source: BISE Gujranwala, HSSC First Annual Part-II Examination 2024 gazette. Pass % as published. Subject spellings kept as published (e.g. "Modren").
A4: Subject Name | B4: Appeared | C4: Pass | D4: Pass %
A5: Applied Art | B5: 19 | C5: 19 | D5: 100
A6: Arabic | B6: 1856 | C6: 1721 | D6: 92.73
A7: Banking | B7: 9556 | C7: 8745 | D7: 91.51
A8: Biology | B8: 36596 | C8: 32091 | D8: 87.69
A9: Business Statistics | B9: 9680 | C9: 8246 | D9: 85.19
A10: Chemistry | B10: 45772 | C10: 38736 | D10: 84.63
A11: Child Development And Family Living | B11: 19 | C11: 19 | D11: 100
A12: Civics | B12: 21329 | C12: 19443 | D12: 91.16
A13: Commercial Geography | B13: 9586 | C13: 9173 | D13: 95.69
A14: Computer Science | B14: 36844 | C14: 31401 | D14: 85.23
A15: Computer Studies | B15: 156 | C15: 144 | D15: 92.31
A16: Economics | B16: 7776 | C16: 6940 | D16: 89.25
... A45: Urdu (Advance) | B45: 295 | C45: 264 | D45: 89.49

Sheet GRW 2024 Subject Pass % Part-I
A1: Subject Wise Pass Percentage — Part-I Composite — HSSC First Annual 2024
A2: Source: BISE Gujranwala, HSSC First Annual Part-II Examination 2024 gazette. Pass % as published.
A4: Subject Name | B4: Appeared | C4: Pass | D4: Pass %
A5: Arabic | B5: 489 | C5: 454 | D5: 92.84
A6: Biology | B6: 7910 | C6: 5111 | D6: 64.61
A7: Business Math | B7: 1014 | C7: 689 | D7: 67.95
A8: Chemistry | B8: 9691 | C8: 4353 | D8: 44.92
A9: Chemistry / HE | B9: 2 | C9: 1 | D9: 50
A10: Civics | B10: 4178 | C10: 3127 | D10: 74.84
A11: Civics For Non Muslim | B11: 7 | C11: 2 | D11: 28.57
A12: Computer Science | B12: 3217 | C12: 1145 | D12: 35.59
A13: Economics | B13: 2257 | C13: 1417 | D13: 62.78
A14: Education | B14: 5178 | C14: 3252 | D14: 62.8
A15: English | B15: 27763 | C15: 9799 | D15: 35.3
A16: English Elective | B16: 32 | C16: 20 | D16: 62.5
... A42: Urdu (Advance) | B42: 47 | C42: 37 | D42: 78.72

Sheet GRW 2025 Pre-Medical Stats
A1: Pre-Medical Group — Category-wise Results — HSSC First Annual Part-II 2025
A2: Source: BISE Gujranwala, HSSC First Annual Part-II Examination 2025 gazette. Pass % as published. Gazette inconsistency kept as published: A+ to E do not add up to Pass for Regular Male (Pass 3,663 vs grades 3,647); Regular Female (Pass 17,179 vs grades 17,039); Sub Total (Regular) (Pass 20,842 vs grades 20,686); Private Male (Pass 768 vs grades 750); Private Female (Pass 2,441 vs grades 2,412); Sub Total (Private) (Pass 3,209 vs grades 3,162); Grand Total (Pass 24,051 vs grades 23,848).
A4: Category | B4: Appeared | C4: Pass | D4: A+ | E4: A | F4: B | G4: C | H4: D | I4: E | J4: Pass %
A5: Regular Male | B5: 4990 | C5: 3663 | D5: 805 | E5: 792 | F5: 1014 | G5: 887 | H5: 149 | I5: 0 | J5: 73.41
A6: Regular Female | B6: 20565 | C6: 17179 | D6: 3790 | E6: 4430 | F6: 5298 | G6: 3274 | H6: 247 | I6: 0 | J6: 83.54
A7: Sub Total (Regular) | B7: 25555 | C7: 20842 | D7: 4595 | E7: 5222 | F7: 6312 | G7: 4161 | H7: 396 | I7: 0 | J7: 81.56
A8: Private Male | B8: 1464 | C8: 768 | D8: 281 | E8: 37 | F8: 61 | G8: 221 | H8: 143 | I8: 7 | J8: 52.46
A9: Private Female | B9: 3767 | C9: 2441 | D9: 1127 | E9: 237 | F9: 238 | G9: 560 | H9: 240 | I9: 10 | J9: 64.8
A10: Sub Total (Private) | B10: 5231 | C10: 3209 | D10: 1408 | E10: 274 | F10: 299 | G10: 781 | H10: 383 | I10: 17 | J10: 61.35
A11: Grand Total | B11: 30786 | C11: 24051 | D11: 6003 | E11: 5496 | F11: 6611 | G11: 4942 | H11: 779 | I11: 17 | J11: 78.12

Sheet GRW 2025 Pre-Engineering Stats
A1: Pre-Engineering Group — Category-wise Results — HSSC First Annual Part-II 2025
A2: Source: BISE Gujranwala, HSSC First Annual Part-II Examination 2025 gazette. Pass % as published. Gazette inconsistency kept as published: A+ to E do not add up to Pass for Regular Male (Pass 2,191 vs grades 2,184); Regular Female (Pass 2,397 vs grades 2,383); Sub Total (Regular) (Pass 4,588 vs grades 4,567); Private Male (Pass 226 vs grades 225); Private Female (Pass 135 vs grades 133); Sub Total (Private) (Pass 361 vs grades 358); Grand Total (Pass 4,949 vs grades 4,925).
A4: Category | B4: Appeared | C4: Pass | D4: A+ | E4: A | F4: B | G4: C | H4: D | I4: E | J4: Pass %
A5: Regular Male | B5: 2863 | C5: 2191 | D5: 358 | E5: 501 | F5: 651 | G5: 550 | H5: 123 | I5: 1 | J5: 76.53
A6: Regular Female | B6: 2768 | C6: 2397 | D6: 475 | E6: 644 | F6: 765 | G6: 457 | H6: 42 | I6: 0 | J6: 86.6
A7: Sub Total (Regular) | B7: 5631 | C7: 4588 | D7: 833 | E7: 1145 | F7: 1416 | G7: 1007 | H7: 165 | I7: 1 | J7: 81.48
A8: Private Male | B8: 622 | C8: 226 | D8: 0 | E8: 7 | F8: 18 | G8: 86 | H8: 110 | I8: 4 | J8: 36.33
A9: Private Female | B9: 309 | C9: 135 | D9: 0 | E9: 3 | F9: 11 | G9: 67 | H9: 50 | I9: 2 | J9: 43.69
A10: Sub Total (Private) | B10: 931 | C10: 361 | D10: 0 | E10: 10 | F10: 29 | G10: 153 | H10: 160 | I10: 6 | J10: 38.78
A11: Grand Total | B11: 6562 | C11: 4949 | D11: 833 | E11: 1155 | F11: 1445 | G11: 1160 | H11: 325 | I11: 7 | J11: 75.42

Sheet GRW 2025 Humanities Stats
A1: Humanities Group — Category-wise Results — HSSC First Annual Part-II 2025
A2: Source: BISE Gujranwala, HSSC First Annual Part-II Examination 2025 gazette. Pass % as published. Gazette inconsistency kept as published: A+ to E do not add up to Pass for Regular Male (Pass 2,982 vs grades 2,970); Regular Female (Pass 14,743 vs grades 14,615); Sub Total (Regular) (Pass 17,725 vs grades 17,585); Private Male (Pass 1,875 vs grades 1,861); Private Female (Pass 6,545 vs grades 6,493); Sub Total (Private) (Pass 8,420 vs grades 8,354); Grand Total (Pass 26,145 vs grades 25,939).
A4: Category | B4: Appeared | C4: Pass | D4: A+ | E4: A | F4: B | G4: C | H4: D | I4: E | J4: Pass %
A5: Regular Male | B5: 7465 | C5: 2982 | D5: 38 | E5: 226 | F5: 704 | G5: 1162 | H5: 809 | I5: 31 | J5: 39.95
A6: Regular Female | B6: 22620 | C6: 14743 | D6: 399 | E6: 2377 | F6: 5294 | G6: 5095 | H6: 1429 | I6: 21 | J6: 65.18
A7: Sub Total (Regular) | B7: 30085 | C7: 17725 | D7: 437 | E7: 2603 | F7: 5998 | G7: 6257 | H7: 2238 | I7: 52 | J7: 58.92
A8: Private Male | B8: 7194 | C8: 1875 | D8: 1 | E8: 50 | F8: 228 | G8: 672 | H8: 794 | I8: 116 | J8: 26.06
A9: Private Female | B9: 13495 | C9: 6545 | D9: 71 | E9: 667 | F9: 1817 | G9: 2614 | H9: 1261 | I9: 63 | J9: 48.5
A10: Sub Total (Private) | B10: 20689 | C10: 8420 | D10: 72 | E10: 717 | F10: 2045 | G10: 3286 | H10: 2055 | I10: 179 | J10: 40.7
A11: Grand Total | B11: 50774 | C11: 26145 | D11: 509 | E11: 3320 | F11: 8043 | G11: 9543 | H11: 4293 | I11: 231 | J11: 51.49

Sheet GRW 2025 General Science Stats
A1: General Science Group — Category-wise Results — HSSC First Annual Part-II 2025
A2: Source: BISE Gujranwala, HSSC First Annual Part-II Examination 2025 gazette. Pass % as published. Gazette inconsistency kept as published: A+ to E do not add up to Pass for Regular Male (Pass 8,518 vs grades 8,459); Regular Female (Pass 14,300 vs grades 14,172); Sub Total (Regular) (Pass 22,818 vs grades 22,631); Private Male (Pass 876 vs grades 874); Private Female (Pass 640 vs grades 636); Sub Total (Private) (Pass 1,516 vs grades 1,510); Grand Total (Pass 24,334 vs grades 24,141).
A4: Category | B4: Appeared | C4: Pass | D4: A+ | E4: A | F4: B | G4: C | H4: D | I4: E | J4: Pass %
A5: Regular Male | B5: 14238 | C5: 8518 | D5: 442 | E5: 1094 | F5: 2154 | G5: 3164 | H5: 1579 | I5: 26 | J5: 59.83
A6: Regular Female | B6: 18698 | C6: 14300 | D6: 1236 | E6: 3068 | F6: 4974 | G6: 4180 | H6: 710 | I6: 4 | J6: 76.48
A7: Sub Total (Regular) | B7: 32936 | C7: 22818 | D7: 1678 | E7: 4162 | F7: 7128 | G7: 7344 | H7: 2289 | I7: 30 | J7: 69.28
A8: Private Male | B8: 2590 | C8: 876 | D8: 2 | E8: 6 | F8: 17 | G8: 266 | H8: 561 | I8: 22 | J8: 33.82
A9: Private Female | B9: 1716 | C9: 640 | D9: 2 | E9: 7 | F9: 26 | G9: 309 | H9: 287 | I9: 5 | J9: 37.3
A10: Sub Total (Private) | B10: 4306 | C10: 1516 | D10: 4 | E10: 13 | F10: 43 | G10: 575 | H10: 848 | I10: 27 | J10: 35.21
A11: Grand Total | B11: 37242 | C11: 24334 | D11: 1682 | E11: 4175 | F11: 7171 | G11: 7919 | H11: 3137 | I11: 57 | J11: 65.34

Sheet GRW 2025 Commerce Stats
A1: Commerce Group — Category-wise Results — HSSC First Annual Part-II 2025
A2: Source: BISE Gujranwala, HSSC First Annual Part-II Examination 2025 gazette. Pass % as published. Gazette inconsistency kept as published: A+ to E do not add up to Pass for Regular Male (Pass 1,829 vs grades 1,818); Regular Female (Pass 3,312 vs grades 3,281); Sub Total (Regular) (Pass 5,141 vs grades 5,099); Private Male (Pass 496 vs grades 494); Private Female (Pass 548 vs grades 543); Sub Total (Private) (Pass 1,044 vs grades 1,037); Grand Total (Pass 6,185 vs grades 6,136).
A4: Category | B4: Appeared | C4: Pass | D4: A+ | E4: A | F4: B | G4: C | H4: D | I4: E | J4: Pass %
A5: Regular Male | B5: 3574 | C5: 1829 | D5: 24 | E5: 109 | F5: 300 | G5: 670 | H5: 670 | I5: 45 | J5: 51.18
A6: Regular Female | B6: 4104 | C6: 3312 | D6: 152 | E6: 500 | F6: 993 | G6: 1109 | H6: 511 | I6: 16 | J6: 80.7
A7: Sub Total (Regular) | B7: 7678 | C7: 5141 | D7: 176 | E7: 609 | F7: 1293 | G7: 1779 | H7: 1181 | I7: 61 | J7: 66.96
A8: Private Male | B8: 1655 | C8: 496 | D8: 1 | E8: 5 | F8: 45 | G8: 118 | H8: 267 | I8: 58 | J8: 29.97
A9: Private Female | B9: 1071 | C9: 548 | D9: 6 | E9: 25 | F9: 112 | G9: 197 | H9: 195 | I9: 8 | J9: 51.17
A10: Sub Total (Private) | B10: 2726 | C10: 1044 | D10: 7 | E10: 30 | F10: 157 | G10: 315 | H10: 462 | I10: 66 | J10: 38.3
A11: Grand Total | B11: 10404 | C11: 6185 | D11: 183 | E11: 639 | F11: 1450 | G11: 2094 | H11: 1643 | I11: 127 | J11: 59.45

Sheet GRW 2025 Home Economics Stats
A1: Home Economics Group — Category-wise Results — HSSC First Annual Part-II 2025
A2: Source: BISE Gujranwala, HSSC First Annual Part-II Examination 2025 gazette. Pass % as published. Gazette inconsistency kept as published: A+ to E do not add up to Pass for Regular Female (Pass 32 vs grades 31); Sub Total (Regular) (Pass 32 vs grades 31); Grand Total (Pass 32 vs grades 31).
A4: Category | B4: Appeared | C4: Pass | D4: A+ | E4: A | F4: B | G4: C | H4: D | I4: E | J4: Pass %
A5: Regular Female | B5: 42 | C5: 32 | D5: 1 | E5: 12 | F5: 10 | G5: 7 | H5: 1 | I5: 0 | J5: 76.19
A6: Sub Total (Regular) | B6: 42 | C6: 32 | D6: 1 | E6: 12 | F6: 10 | G6: 7 | H6: 1 | I6: 0 | J6: 76.19
A7: Grand Total | B7: 42 | C7: 32 | D7: 1 | E7: 12 | F7: 10 | G7: 7 | H7: 1 | I7: 0 | J7: 76.19

Sheet GRW 2025 District-wise Stats
A1: District-Wise Statistical Data — HSSC First Annual Part-II 2025
A2: Source: BISE Gujranwala, HSSC First Annual Part-II Examination 2025 gazette. Pass % as published. Total Pass % is calculated (Pass ÷ Appeared).
A4: District | B4: Private Female Appeared | C4: Private Female Pass | D4: Private Male Appeared | E4: Private Male Pass | F4: Regular Female Appeared | G4: Regular Female Pass | H4: Regular Male Appeared | I4: Regular Male Pass | J4: Total Appeared | K4: Total Pass | L4: Total Pass %
A5: Gujranwala | B5: 6625 | C5: 3458 | D5: 4774 | E5: 1501 | F5: 20207 | G5: 15552 | H5: 10060 | I5: 6031 | J5: 41666 | K5: 26542 | L5: =ROUND(K5/J5*100,2) -> 63.7
A6: Gujrat | B6: 3105 | C6: 1502 | D6: 1887 | E6: 601 | F6: 11539 | G6: 8789 | H6: 5346 | I6: 3072 | J6: 21877 | K6: 13964 | L6: =ROUND(K6/J6*100,2) -> 63.83
A7: Hafizabad | B7: 1360 | C7: 800 | D7: 1069 | E7: 362 | F7: 3925 | G7: 3094 | H7: 2587 | I7: 1596 | J7: 8941 | K7: 5852 | L7: =ROUND(K7/J7*100,2) -> 65.45
A8: Mandi Baha-ud-Din | B8: 1686 | C8: 862 | D8: 909 | E8: 291 | F8: 6054 | G8: 4791 | H8: 2692 | I8: 1737 | J8: 11341 | K8: 7681 | L8: =ROUND(K8/J8*100,2) -> 67.73
A9: Narowal | B9: 2206 | C9: 1121 | D9: 1311 | E9: 414 | F9: 7545 | G9: 5731 | H9: 3688 | I9: 2135 | J9: 14750 | K9: 9401 | L9: =ROUND(K9/J9*100,2) -> 63.74
A10: Sialkot | B10: 5376 | C10: 2566 | D10: 3575 | E10: 1072 | F10: 19527 | G10: 14006 | H10: 8757 | I10: 4612 | J10: 37235 | K10: 22256 | L10: =ROUND(K10/J10*100,2) -> 59.77
A11: Total | B11: 20358 | C11: 10309 | D11: 13525 | E11: 4241 | F11: 68797 | G11: 51963 | H11: 33130 | I11: 19183 | J11: 135810 | K11: 85696 | L11: =ROUND(K11/J11*100,2) -> 63.1

Sheet GRW 2025 Subject Pass % Part-II
A1: Subject Wise Pass Percentage — Part-II — HSSC First Annual 2025
A2: Source: BISE Gujranwala, HSSC First Annual Part-II Examination 2025 gazette. Pass % as published. Subject spellings kept as published (e.g. "Modren").
A4: Subject Name | B4: Appeared | C4: Pass | D4: Pass %
A5: Applied Art | B5: 42 | C5: 42 | D5: 100
A6: Arabic | B6: 1920 | C6: 1762 | D6: 91.77
A7: Banking | B7: 9199 | C7: 8233 | D7: 89.5
A8: Biology | B8: 27730 | C8: 23669 | D8: 85.36
A9: Business Statistics | B9: 9528 | C9: 9036 | D9: 94.84
A10: Chemistry | B10: 34287 | C10: 28971 | D10: 84.5
A11: Child Development And Family Living | B11: 42 | C11: 42 | D11: 100
A12: Civics | B12: 21554 | C12: 19538 | D12: 90.65
A13: Civics For Non Muslim | B13: 55 | C13: 52 | D13: 94.55
A14: Commercial Geography | B14: 9412 | C14: 8567 | D14: 91.02
A15: Computer Science | B15: 44788 | C15: 38125 | D15: 85.12
A16: Computer Studies | B16: 217 | C16: 206 | D16: 94.93
... A46: Urdu (Advance) | B46: 189 | C46: 170 | D46: 89.95

Sheet GRW 2025 Subject Pass % Part-I
A1: Subject Wise Pass Percentage — Part-I Composite — HSSC First Annual 2025
A2: Source: BISE Gujranwala, HSSC First Annual Part-II Examination 2025 gazette. Pass % as published.
A4: Subject Name | B4: Appeared | C4: Pass | D4: Pass %
A5: Arabic | B5: 513 | C5: 424 | D5: 82.65
A6: Biology | B6: 5689 | C6: 2830 | D6: 49.75
A7: Business Math | B7: 703 | C7: 520 | D7: 73.97
A8: Chemistry | B8: 7205 | C8: 3001 | D8: 41.65
A9: Civics | B9: 5388 | C9: 3436 | D9: 63.77
A10: Civics For Non Muslim | B10: 5 | C10: 2 | D10: 40
A11: Computer Science | B11: 5995 | C11: 3065 | D11: 51.13
A12: Economics | B12: 1695 | C12: 676 | D12: 39.88
A13: Education | B13: 6828 | C13: 4427 | D13: 64.84
A14: English | B14: 32061 | C14: 13850 | D14: 43.2
A15: English Elective | B15: 27 | C15: 26 | D15: 96.3
A16: Ethics | B16: 108 | C16: 108 | D16: 100
... A41: Urdu (Advance) | B41: 29 | C41: 12 | D41: 41.38

Sheet LHR Year-over-Year Summary
A1: BISE Lahore — Intermediate Part I & II (First Annual): Year-over-Year Summary (2024-2026)
A2: 2024, 2025 and 2026 gazettes supplied. Pass % as published. 2026: the gazette General Pass Percentage (192,950 applied / 189,373 appeared / 123,060 passed / 64.98%) includes Additional-subject candidates (503 applied, 431 appeared, 223 passed) that are not in the gender/group rows.
A4: Year | B4: Applied | C4: Appeared | D4: Passed | E4: Pass %
A5: 2024 | B5: 194766 | C5: 190218 | D5: 114985 | E5: 60.45
A6: 2025 | B6: 184000 | C6: 180329 | D6: 109741 | E6: 60.86
A7: 2026 | B7: 192950 | C7: 189373 | D7: 123060 | E7: 64.98

Sheet LHR 2024 Notice
A1: BISE Lahore — Result Gazette Notice, Intermediate Part I & II (First Annual) 2024
A2: Source: Result Gazette page (1), key points condensed.
A4: Item | B4: Detail
A5: Examination commenced | B5: 19 April 2024
A6: Theory papers concluded | B6: 25 May 2024
A7: Practical examination concluded | B7: 06 July 2024
A8: Result announced | B8: 04 September 2024
A9: Controller of Examinations | B9: Muhammad Zahid Mian
A10: Marks display | B10: Marks of successful candidates out of 1100 (old course) and 1200 (new course) shown against Roll Nos. on www.biselahore.com
A11: Re-checking | B11: Apply online within 15 days after declaration of the result
A12: Improvement | B12: Four (4) examination opportunities within four years of passing SSC and Intermediate; must be availed before appearing in any higher examination
A13: Failed candidates | B13: May deposit admission form and fee for Intermediate Part I & II (Second Annual) 2024 per Board schedule
A14: Gazette status | B14: Issued as a notice only; errors and omissions excepted

Sheet LHR 2024 Statistical Data
A1: Statistical Data Regarding the Result — Intermediate Part I & II (First Annual) 2024
A2: Source: BISE Lahore Result Gazette, Intermediate Part I & II (First Annual) Examination 2024. Pass % as published. Grade % columns are each grade's share of Passed. "Humanities & Others" is the board's group name.
A4: Group | B4: Gender | C4: Category | D4: Applied | E4: Appeared | F4: Passed | G4: Pass % | H4: A+ Passed | I4: A+ % | J4: A Passed | K4: A % | L4: B Passed | M4: B % | N4: C Passed | O4: C % | P4: D Passed | Q4: D % | R4: E Passed | S4: E % | T4: Addl. Appeared | U4: Addl. Passed
A5: Pre-Medical | B5: Boys | C5: Reg (Govt. Inst.) | D5: 3101 | E5: 3078 | F5: 2209 | G5: 71.77 | H5: 455 | I5: 20.6 | J5: 400 | K5: 18.11 | L5: 552 | M5: 24.99 | N5: 614 | O5: 27.8 | P5: 184 | Q5: 8.33 | R5: 4 | S5: 0.18 | T5: 0 | U5: 0
A6: Pre-Medical | B6: Boys | C6: Reg (Pvt. Inst.) | D6: 7512 | E6: 7422 | F6: 5813 | G6: 78.32 | H6: 1301 | I6: 22.38 | J6: 1324 | K6: 22.78 | L6: 1490 | M6: 25.63 | N6: 1383 | O6: 23.79 | P6: 307 | Q6: 5.28 | R6: 8 | S6: 0.14 | T6: 0 | U6: 0
A7: Pre-Medical | B7: Boys | C7: Private | D7: 2805 | E7: 2566 | F7: 1280 | G7: 49.88 | H7: 461 | I7: 36.02 | J7: 127 | K7: 9.92 | L7: 112 | M7: 8.75 | N7: 250 | O7: 19.53 | P7: 313 | Q7: 24.45 | R7: 17 | S7: 1.33 | T7: 47 | U7: 8
A8: Pre-Medical | B8: Boys | C8: Sub-Total | D8: 13418 | E8: 13066 | F8: 9302 | G8: 71.19 | H8: 2217 | I8: 23.83 | J8: 1851 | K8: 19.9 | L8: 2154 | M8: 23.16 | N8: 2247 | O8: 24.16 | P8: 804 | Q8: 8.64 | R8: 29 | S8: 0.31 | T8: 47 | U8: 8
A9: Pre-Medical | B9: Girls | C9: Reg (Govt. Inst.) | D9: 10895 | E9: 10841 | F9: 8592 | G9: 79.25 | H9: 1629 | I9: 18.96 | J9: 1926 | K9: 22.42 | L9: 2582 | M9: 30.05 | N9: 2189 | O9: 25.48 | P9: 266 | Q9: 3.1 | R9: 0 | S9: 0 | T9: 0 | U9: 0
A10: Pre-Medical | B10: Girls | C10: Reg (Pvt. Inst.) | D10: 20375 | E10: 20230 | F10: 17274 | G10: 85.39 | H10: 4206 | I10: 24.35 | J10: 4580 | K10: 26.51 | L10: 4891 | M10: 28.31 | N10: 3233 | O10: 18.72 | P10: 364 | Q10: 2.11 | R10: 0 | S10: 0 | T10: 0 | U10: 0
A11: Pre-Medical | B11: Girls | C11: Private | D11: 5368 | E11: 5097 | F11: 3030 | G11: 59.45 | H11: 1112 | I11: 36.7 | J11: 333 | K11: 10.99 | L11: 325 | M11: 10.73 | N11: 597 | O11: 19.7 | P11: 647 | Q11: 21.35 | R11: 16 | S11: 0.53 | T11: 26 | U11: 16
A12: Pre-Medical | B12: Girls | C12: Sub-Total | D12: 36638 | E12: 36168 | F12: 28896 | G12: 79.89 | H12: 6947 | I12: 24.04 | J12: 6839 | K12: 23.67 | L12: 7798 | M12: 26.99 | N12: 6019 | O12: 20.83 | P12: 1277 | Q12: 4.42 | R12: 16 | S12: 0.06 | T12: 26 | U12: 16
A13: Pre-Medical | B13: Total | C13: Reg (Govt. Inst.) | D13: 13996 | E13: 13919 | F13: 10801 | G13: 77.6 | H13: 2084 | I13: 19.29 | J13: 2326 | K13: 21.54 | L13: 3134 | M13: 29.02 | N13: 2803 | O13: 25.95 | P13: 450 | Q13: 4.17 | R13: 4 | S13: 0.04 | T13: 0 | U13: 0
A14: Pre-Medical | B14: Total | C14: Reg (Pvt. Inst.) | D14: 27887 | E14: 27652 | F14: 23087 | G14: 83.49 | H14: 5507 | I14: 23.85 | J14: 5904 | K14: 25.57 | L14: 6381 | M14: 27.64 | N14: 4616 | O14: 19.99 | P14: 671 | Q14: 2.91 | R14: 8 | S14: 0.03 | T14: 0 | U14: 0
A15: Pre-Medical | B15: Total | C15: Private | D15: 8173 | E15: 7663 | F15: 4310 | G15: 56.24 | H15: 1573 | I15: 36.5 | J15: 460 | K15: 10.67 | L15: 437 | M15: 10.14 | N15: 847 | O15: 19.65 | P15: 960 | Q15: 22.27 | R15: 33 | S15: 0.77 | T15: 73 | U15: 24
A16: Pre-Medical | B16: Total | C16: Group Total | D16: 50056 | E16: 49234 | F16: 38198 | G16: 77.58 | H16: 9164 | I16: 23.99 | J16: 8690 | K16: 22.75 | L16: 9952 | M16: 26.05 | N16: 8266 | O16: 21.64 | P16: 2081 | Q16: 5.45 | R16: 45 | S16: 0.12 | T16: 73 | U16: 24
... A73: All Groups (Gender Wise) | B73: Total | C73: Grand Total | D73: 194766 | E73: 190218 | F73: 114985 | G73: 60.45 | H73: 13410 | I73: 11.66 | J73: 19818 | K73: 17.24 | L73: 31658 | M73: 27.53 | N73: 34354 | O73: 29.88 | P73: 14942 | Q73: 12.99 | R73: 803 | S73: 0.7 | T73: 542 | U73: 366

Sheet LHR 2024 Subject Wise Pass %
A1: Subject Wise / Group Wise Pass Percentage — Intermediate Part I & II (First Annual) 2024
A2: Source: BISE Lahore Result Gazette, Intermediate Part I & II (First Annual) Examination 2024. Pass % as published. Group heading "General Science" is misspelled "Geenral Science" in the gazette; corrected here.
A4: Group | B4: Sr.# | C4: Subject (Theory / Practical) | D4: Regular Appeared | E4: Regular Passed | F4: Regular Pass % | G4: Private Appeared | H4: Private Passed | I4: Private Pass % | J4: Overall Appeared | K4: Overall Passed | L4: Overall Pass %
A5: Pre Medical | B5: 1 | C5: Translation of the Holy Quran | D5: 40195 | E5: 40171 | F5: 99.94 | G5: 204 | H5: 189 | I5: 92.65 | J5: 40399 | K5: 40360 | L5: 99.9
A6: Pre Medical | B6: 2 | C6: Urdu | D6: 41404 | E6: 41146 | F6: 99.38 | G6: 998 | H6: 947 | I6: 94.89 | J6: 42402 | K6: 42093 | L6: 99.27
A7: Pre Medical | B7: 3 | C7: Pakistani Culture | D7: 8 | E7: 8 | F7: 100 | G7: 0 | H7: 0 | I7: 0 | J7: 8 | K7: 8 | L7: 100
A8: Pre Medical | B8: 4 | C8: English | D8: 41348 | E8: 40018 | F8: 96.78 | G8: 1865 | H8: 1474 | I8: 79.03 | J8: 43213 | K8: 41492 | L8: 96.02
A9: Pre Medical | B9: 5 | C9: Pakistan Studies | D9: 752 | E9: 752 | F9: 100 | G9: 847 | H9: 847 | I9: 100 | J9: 1599 | K9: 1599 | L9: 100
A10: Pre Medical | B10: 6 | C10: Civics for Non Muslim | D10: 71 | E10: 70 | F10: 98.59 | G10: 0 | H10: 0 | I10: 0 | J10: 71 | K10: 70 | L10: 98.59
A11: Pre Medical | B11: 7 | C11: Physics (Theory) | D11: 41435 | E11: 37691 | F11: 90.96 | G11: 2801 | H11: 1954 | I11: 69.76 | J11: 44236 | K11: 39645 | L11: 89.62
A12: Pre Medical | B12: 8 | C12: Physics (Practical) | D12: 41247 | E12: 41202 | F12: 99.89 | G12: 1022 | H12: 1021 | I12: 99.9 | J12: 42269 | K12: 42223 | L12: 99.89
A13: Pre Medical | B13: 9 | C13: Chemistry (Theory) | D13: 41342 | E13: 35103 | F13: 84.91 | G13: 3896 | H13: 1777 | I13: 45.61 | J13: 45238 | K13: 36880 | L13: 81.52
A14: Pre Medical | B14: 10 | C14: Chemistry (Practical) | D14: 41243 | E14: 41152 | F14: 99.78 | G14: 1079 | H14: 1077 | I14: 99.81 | J14: 42322 | K14: 42229 | L14: 99.78
A15: Pre Medical | B15: 11 | C15: Biology (Theory) | D15: 41390 | E15: 35268 | F15: 85.21 | G15: 2884 | H15: 1391 | I15: 48.23 | J15: 44274 | K15: 36659 | L15: 82.8
A16: Pre Medical | B16: 12 | C16: Biology (Practical) | D16: 41240 | E16: 40537 | F16: 98.3 | G16: 1083 | H16: 1051 | I16: 97.05 | J16: 42323 | K16: 41588 | L16: 98.26
... A121: Humanities & Others | B121: 66 | C121: Clinical Pathology & Serology (Practical) | D121: 29 | E121: 29 | F121: 100 | G121: 1 | H121: 1 | I121: 100 | J121: 30 | K121: 30 | L121: 100

Sheet LHR 2025 Notice
A1: BISE Lahore — Result Gazette Notice, Intermediate Part I & II (First Annual) 2025
A2: Source: Result Gazette page (1), key points condensed.
A4: Item | B4: Detail
A5: Examination commenced | B5: 29 April 2025
A6: Theory papers concluded | B6: 13 June 2025
A7: Practical examination concluded | B7: 30 July 2025
A8: Result announced | B8: 18 September 2025
A9: Controller of Examinations | B9: Toseef-ur-Rehman
A10: Marks display | B10: Marks of successful candidates out of 1100 (old course) and 1200 (new course) shown against Roll Nos. on www.biselahore.com
A11: Re-checking | B11: Apply online within 15 days after declaration of the result
A12: Improvement | B12: Four (4) examination opportunities within four years of passing SSC and Intermediate; must be availed before appearing in any higher examination
A13: Failed candidates | B13: May deposit admission form and fee for Intermediate Part I & II (Second Annual) 2025 per Board schedule
A14: Gazette status | B14: Issued as a notice only; errors and omissions excepted

Sheet LHR 2025 Statistical Data
A1: Statistical Data Regarding the Result — Intermediate Part I & II (First Annual) 2025
A2: Source: BISE Lahore Result Gazette, Intermediate Part I & II (First Annual) Examination 2025. Pass % as published. Grade % columns are each grade's share of Passed. "Humanities & Others" is the board's group name. 2025 figures taken from the 2025 columns of the gazette table (which also repeats the 2024 figures for comparison; the 2024 columns match the 2024 sheet exactly). In every row A+ to E passed add up to Passed.
A4: Group | B4: Gender | C4: Category | D4: Applied | E4: Appeared | F4: Passed | G4: Pass % | H4: A+ Passed | I4: A+ % | J4: A Passed | K4: A % | L4: B Passed | M4: B % | N4: C Passed | O4: C % | P4: D Passed | Q4: D % | R4: E Passed | S4: E % | T4: Addl. Appeared | U4: Addl. Passed
A5: Pre-Medical | B5: Boys | C5: Reg (Govt. Inst.) | D5: 2332 | E5: 2319 | F5: 1644 | G5: 70.89 | H5: 478 | I5: 29.08 | J5: 345 | K5: 20.99 | L5: 420 | M5: 25.55 | N5: 349 | O5: 21.23 | P5: 52 | Q5: 3.16 | R5: 0 | S5: 0 | T5: 0 | U5: 0
A6: Pre-Medical | B6: Boys | C6: Reg (Pvt. Inst.) | D6: 4657 | E6: 4606 | F6: 3529 | G6: 76.62 | H6: 815 | I6: 23.09 | J6: 812 | K6: 23.01 | L6: 1005 | M6: 28.48 | N6: 801 | O6: 22.7 | P6: 96 | Q6: 2.72 | R6: 0 | S6: 0 | T6: 0 | U6: 0
A7: Pre-Medical | B7: Boys | C7: Private | D7: 2532 | E7: 2315 | F7: 1224 | G7: 52.87 | H7: 530 | I7: 43.3 | J7: 76 | K7: 6.21 | L7: 107 | M7: 8.74 | N7: 271 | O7: 22.14 | P7: 232 | Q7: 18.95 | R7: 8 | S7: 0.65 | T7: 31 | U7: 6
A8: Pre-Medical | B8: Boys | C8: Sub-Total | D8: 9521 | E8: 9240 | F8: 6397 | G8: 69.23 | H8: 1823 | I8: 28.5 | J8: 1233 | K8: 19.27 | L8: 1532 | M8: 23.95 | N8: 1421 | O8: 22.21 | P8: 380 | Q8: 5.94 | R8: 8 | S8: 0.13 | T8: 31 | U8: 6
A9: Pre-Medical | B9: Girls | C9: Reg (Govt. Inst.) | D9: 9000 | E9: 8956 | F9: 7227 | G9: 80.69 | H9: 1509 | I9: 20.88 | J9: 1756 | K9: 24.3 | L9: 2159 | M9: 29.87 | N9: 1635 | O9: 22.62 | P9: 168 | Q9: 2.32 | R9: 0 | S9: 0 | T9: 0 | U9: 0
A10: Pre-Medical | B10: Girls | C10: Reg (Pvt. Inst.) | D10: 16083 | E10: 15959 | F10: 13565 | G10: 85 | H10: 3457 | I10: 25.48 | J10: 3723 | K10: 27.45 | L10: 3816 | M10: 28.13 | N10: 2334 | O10: 17.21 | P10: 235 | Q10: 1.73 | R10: 0 | S10: 0 | T10: 0 | U10: 0
A11: Pre-Medical | B11: Girls | C11: Private | D11: 5014 | E11: 4713 | F11: 3180 | G11: 67.47 | H11: 1402 | I11: 44.09 | J11: 352 | K11: 11.07 | L11: 283 | M11: 8.9 | N11: 715 | O11: 22.48 | P11: 415 | Q11: 13.05 | R11: 13 | S11: 0.41 | T11: 35 | U11: 11
A12: Pre-Medical | B12: Girls | C12: Sub-Total | D12: 30097 | E12: 29628 | F12: 23972 | G12: 80.91 | H12: 6368 | I12: 26.56 | J12: 5831 | K12: 24.32 | L12: 6258 | M12: 26.11 | N12: 4684 | O12: 19.54 | P12: 818 | Q12: 3.41 | R12: 13 | S12: 0.05 | T12: 35 | U12: 11
A13: Pre-Medical | B13: Total | C13: Reg (Govt. Inst.) | D13: 11332 | E13: 11275 | F13: 8871 | G13: 78.68 | H13: 1987 | I13: 22.4 | J13: 2101 | K13: 23.68 | L13: 2579 | M13: 29.07 | N13: 1984 | O13: 22.37 | P13: 220 | Q13: 2.48 | R13: 0 | S13: 0 | T13: 0 | U13: 0
A14: Pre-Medical | B14: Total | C14: Reg (Pvt. Inst.) | D14: 20740 | E14: 20565 | F14: 17094 | G14: 83.12 | H14: 4272 | I14: 24.99 | J14: 4535 | K14: 26.53 | L14: 4821 | M14: 28.2 | N14: 3135 | O14: 18.34 | P14: 331 | Q14: 1.94 | R14: 0 | S14: 0 | T14: 0 | U14: 0
A15: Pre-Medical | B15: Total | C15: Private | D15: 7546 | E15: 7028 | F15: 4404 | G15: 62.66 | H15: 1932 | I15: 43.87 | J15: 428 | K15: 9.72 | L15: 390 | M15: 8.86 | N15: 986 | O15: 22.39 | P15: 647 | Q15: 14.69 | R15: 21 | S15: 0.48 | T15: 66 | U15: 17
A16: Pre-Medical | B16: Total | C16: Group Total | D16: 39618 | E16: 38868 | F16: 30369 | G16: 78.13 | H16: 8191 | I16: 26.97 | J16: 7064 | K16: 23.26 | L16: 7790 | M16: 25.65 | N16: 6105 | O16: 20.1 | P16: 1198 | Q16: 3.94 | R16: 21 | S16: 0.07 | T16: 66 | U16: 17
... A73: All Groups (Gender Wise) | B73: Total | C73: Grand Total | D73: 184000 | E73: 180329 | F73: 109741 | G73: 60.86 | H73: 13673 | I73: 12.46 | J73: 20199 | K73: 18.41 | L73: 31025 | M73: 28.27 | N73: 31164 | O73: 28.4 | P73: 13031 | Q73: 11.87 | R73: 649 | S73: 0.59 | T73: 442 | U73: 250

Sheet LHR 2025 Subject Wise Pass %
A1: Subject Wise / Group Wise Pass Percentage — Intermediate Part I & II (First Annual) 2025
A2: Source: BISE Lahore Result Gazette, Intermediate Part I & II (First Annual) Examination 2025 (subject-wise tables). Pass % as published. The supplied 2025 gazette contains the General Science, Commerce and Humanities & Others tables only; the Pre Medical and Pre Engineering subject tables were not in the supplied pages and are not included. Subject names kept as published.
A4: Group | B4: Sr.# | C4: Subject (Theory / Practical) | D4: Regular Appeared | E4: Regular Passed | F4: Regular Pass % | G4: Private Appeared | H4: Private Passed | I4: Private Pass % | J4: Overall Appeared | K4: Overall Passed | L4: Overall Pass %
A5: General Science | B5: 1 | C5: Translation of the Holy Quran | D5: 47984 | E5: 47854 | F5: 99.73 | G5: 431 | H5: 397 | I5: 92.11 | J5: 48415 | K5: 48251 | L5: 99.66
A6: General Science | B6: 2 | C6: Urdu | D6: 48580 | E6: 47299 | F6: 97.36 | G6: 913 | H6: 633 | I6: 69.33 | J6: 49493 | K6: 47932 | L6: 96.85
A7: General Science | B7: 3 | C7: Pakistani Culture | D7: 2 | E7: 2 | F7: 100 | G7: 0 | H7: 0 | I7: 0 | J7: 2 | K7: 2 | L7: 100
A8: General Science | B8: 4 | C8: English | D8: 48655 | E8: 45085 | F8: 92.66 | G8: 1712 | H8: 960 | I8: 56.07 | J8: 50367 | K8: 46045 | L8: 91.42
A9: General Science | B9: 5 | C9: Pakistan Studies | D9: 48612 | E9: 48319 | F9: 99.4 | G9: 556 | H9: 526 | I9: 94.6 | J9: 49168 | K9: 48845 | L9: 99.34
A10: General Science | B10: 6 | C10: Civics for Non Muslim | D10: 36 | E10: 36 | F10: 100 | G10: 2 | H10: 2 | I10: 100 | J10: 38 | K10: 38 | L10: 100
A11: General Science | B11: 7 | C11: Mathematics | D11: 48533 | E11: 30765 | F11: 63.39 | G11: 6223 | H11: 1526 | I11: 24.52 | J11: 54756 | K11: 32291 | L11: 58.97
A12: General Science | B12: 8 | C12: Physics (Theory) | D12: 37295 | E12: 30370 | F12: 81.43 | G12: 2934 | H12: 1254 | I12: 42.74 | J12: 40229 | K12: 31624 | L12: 78.61
A13: General Science | B13: 9 | C13: Physics (Practical) | D13: 36916 | E13: 36387 | F13: 98.57 | G13: 352 | H13: 348 | I13: 98.86 | J13: 37268 | K13: 36735 | L13: 98.57
A14: General Science | B14: 10 | C14: Computer Science (Theory) | D14: 48392 | E14: 45164 | F14: 93.33 | G14: 1614 | H14: 895 | I14: 55.45 | J14: 50006 | K14: 46059 | L14: 92.11
A15: General Science | B15: 11 | C15: Computer Science (Practical) | D15: 47981 | E15: 47803 | F15: 99.63 | G15: 464 | H15: 462 | I15: 99.57 | J15: 48445 | K15: 48265 | L15: 99.63
A16: General Science | B16: 12 | C16: Economics | D16: 3820 | E16: 3590 | F16: 93.98 | G16: 80 | H16: 47 | I16: 58.75 | J16: 3900 | K16: 3637 | L16: 93.26
... A97: Humanities & Others | B97: 66 | C97: Clinical Pathology & Serology (Practical) | D97: 33 | E97: 33 | F97: 100 | G97: 0 | H97: 0 | I97: 0 | J97: 33 | K97: 33 | L97: 100

Sheet LHR 2026 Notice
A1: BISE Lahore — Result Gazette Notice, Intermediate Part I & II (First Annual) 2026
A2: Source: Result Gazette page (1), key points condensed.
A4: Item | B4: Detail
A5: Examination commenced | B5: 20 May 2026
A6: Theory papers concluded | B6: 08 July 2026
A7: Practical examination concluded | B7: 19 August 2026
A8: Result announced | B8: 23 September 2026
A9: Controller of Examinations | B9: Toseef-ur-Rehman
A10: Marks display | B10: Marks of successful candidates out of 1100 (old course) and 1200 (new course) shown against Roll Nos. on www.biselahore.com
A11: Re-checking | B11: Apply online within 15 days after declaration of the result
A12: Improvement | B12: Four (4) examination opportunities within four years of passing SSC and Intermediate; must be availed before appearing in any higher examination
A13: Failed candidates | B13: May deposit admission form and fee for Intermediate Part I & II (Second Annual) 2026 per Board schedule
A14: Gazette status | B14: Issued as a notice only; errors and omissions excepted
A15: General pass percentage | B15: 192,950 applied; 189,373 appeared; 123,060 passed; 64.98% (includes Additional-subject candidates)

Sheet LHR 2026 Statistical Data
A1: Statistical Data Regarding the Result — Intermediate Part I & II (First Annual) 2026
A2: Source: BISE Lahore Result Gazette, Intermediate Part I & II (First Annual) Examination 2026. Pass % as published. Grade % columns are each grade's share of Passed. "Humanities & Others" is the board's group name. 2026 figures taken from the 2026 columns of the gazette table (which also repeats the 2025 figures for comparison; not duplicated here — see the 2025 sheet). Group order as in the 2026 gazette. In every row A+ to E passed add up to Passed, except the Grand Total row: its Applied / Appeared / Passed (192,950 / 189,373 / 123,060; 64.98%) are 503 / 431 / 223 higher than Boys Total + Girls Total (192,447 / 188,942 / 122,837) and than the sum of the group totals; the difference equals the Additional-subject candidates (431 appeared, 223 passed), and the grade columns of the Grand Total (A+ to E) add to 122,837 only. Published figures kept. In 2025 the Grand Total equalled Boys + Girls.
A4: Group | B4: Gender | C4: Category | D4: Applied | E4: Appeared | F4: Passed | G4: Pass % | H4: A+ Passed | I4: A+ % | J4: A Passed | K4: A % | L4: B Passed | M4: B % | N4: C Passed | O4: C % | P4: D Passed | Q4: D % | R4: E Passed | S4: E % | T4: Addl. Appeared | U4: Addl. Passed
A5: Pre-Medical | B5: Boys | C5: Reg (Govt. Inst.) | D5: 2534 | E5: 2525 | F5: 1944 | G5: 76.99 | H5: 511 | I5: 26.29 | J5: 386 | K5: 19.86 | L5: 448 | M5: 23.05 | N5: 492 | O5: 25.31 | P5: 107 | Q5: 5.5 | R5: 0 | S5: 0 | T5: 0 | U5: 0
A6: Pre-Medical | B6: Boys | C6: Reg (Pvt. Inst.) | D6: 4495 | E6: 4446 | F6: 3566 | G6: 80.21 | H6: 816 | I6: 22.88 | J6: 805 | K6: 22.57 | L6: 955 | M6: 26.78 | N6: 816 | O6: 22.88 | P6: 173 | Q6: 4.85 | R6: 1 | S6: 0.03 | T6: 0 | U6: 0
A7: Pre-Medical | B7: Boys | C7: Private | D7: 1791 | E7: 1667 | F7: 1020 | G7: 61.19 | H7: 314 | I7: 30.78 | J7: 52 | K7: 5.1 | L7: 91 | M7: 8.92 | N7: 322 | O7: 31.57 | P7: 237 | Q7: 23.24 | R7: 4 | S7: 0.39 | T7: 37 | U7: 10
A8: Pre-Medical | B8: Boys | C8: Sub-Total | D8: 8820 | E8: 8638 | F8: 6530 | G8: 75.6 | H8: 1641 | I8: 25.13 | J8: 1243 | K8: 19.04 | L8: 1494 | M8: 22.88 | N8: 1630 | O8: 24.96 | P8: 517 | Q8: 7.92 | R8: 5 | S8: 0.08 | T8: 37 | U8: 10
A9: Pre-Medical | B9: Girls | C9: Reg (Govt. Inst.) | D9: 10619 | E9: 10565 | F9: 8849 | G9: 83.76 | H9: 1822 | I9: 20.59 | J9: 2175 | K9: 24.58 | L9: 2777 | M9: 31.38 | N9: 1881 | O9: 21.26 | P9: 194 | Q9: 2.19 | R9: 0 | S9: 0 | T9: 0 | U9: 0
A10: Pre-Medical | B10: Girls | C10: Reg (Pvt. Inst.) | D10: 16724 | E10: 16647 | F10: 14998 | G10: 90.09 | H10: 4228 | I10: 28.19 | J10: 4159 | K10: 27.73 | L10: 4141 | M10: 27.61 | N10: 2236 | O10: 14.91 | P10: 234 | Q10: 1.56 | R10: 0 | S10: 0 | T10: 0 | U10: 0
A11: Pre-Medical | B11: Girls | C11: Private | D11: 3853 | E11: 3627 | F11: 2501 | G11: 68.96 | H11: 991 | I11: 39.62 | J11: 189 | K11: 7.56 | L11: 233 | M11: 9.32 | N11: 709 | O11: 28.35 | P11: 373 | Q11: 14.91 | R11: 6 | S11: 0.24 | T11: 46 | U11: 22
A12: Pre-Medical | B12: Girls | C12: Sub-Total | D12: 31196 | E12: 30839 | F12: 26348 | G12: 85.44 | H12: 7041 | I12: 26.72 | J12: 6523 | K12: 24.76 | L12: 7151 | M12: 27.14 | N12: 4826 | O12: 18.32 | P12: 801 | Q12: 3.04 | R12: 6 | S12: 0.02 | T12: 46 | U12: 22
A13: Pre-Medical | B13: Total | C13: Reg (Govt. Inst.) | D13: 13153 | E13: 13090 | F13: 10793 | G13: 82.45 | H13: 2333 | I13: 21.62 | J13: 2561 | K13: 23.73 | L13: 3225 | M13: 29.88 | N13: 2373 | O13: 21.99 | P13: 301 | Q13: 2.79 | R13: 0 | S13: 0 | T13: 0 | U13: 0
A14: Pre-Medical | B14: Total | C14: Reg (Pvt. Inst.) | D14: 21219 | E14: 21093 | F14: 18564 | G14: 88.01 | H14: 5044 | I14: 27.17 | J14: 4964 | K14: 26.74 | L14: 5096 | M14: 27.45 | N14: 3052 | O14: 16.44 | P14: 407 | Q14: 2.19 | R14: 1 | S14: 0.01 | T14: 0 | U14: 0
A15: Pre-Medical | B15: Total | C15: Private | D15: 5644 | E15: 5294 | F15: 3521 | G15: 66.51 | H15: 1305 | I15: 37.06 | J15: 241 | K15: 6.84 | L15: 324 | M15: 9.2 | N15: 1031 | O15: 29.28 | P15: 610 | Q15: 17.32 | R15: 10 | S15: 0.28 | T15: 83 | U15: 32
A16: Pre-Medical | B16: Total | C16: Group Total | D16: 40016 | E16: 39477 | F16: 32878 | G16: 83.28 | H16: 8682 | I16: 26.41 | J16: 7766 | K16: 23.62 | L16: 8645 | M16: 26.29 | N16: 6456 | O16: 19.64 | P16: 1318 | Q16: 4.01 | R16: 11 | S16: 0.03 | T16: 83 | U16: 32
... A73: All Groups (Gender Wise) | B73: Total | C73: Grand Total | D73: 192950 | E73: 189373 | F73: 123060 | G73: 64.98 | H73: 15093 | I73: 12.26 | J73: 22535 | K73: 18.31 | L73: 35604 | M73: 28.93 | N73: 35111 | O73: 28.53 | P73: 13753 | Q73: 11.18 | R73: 741 | S73: 0.6 | T73: 431 | U73: 223

Sheet LHR 2026 Subject Wise Pass %
A1: Subject Wise / Group Wise Pass Percentage — Intermediate Part I & II (First Annual) 2026
A2: Source: BISE Lahore Result Gazette, Intermediate Part I & II (First Annual) Examination 2026 (subject-wise tables, pages 11-15). Pass % as published. All five group tables are included (Pre Medical, Pre Engineering, General Science, Commerce, Humanities & Others). Subject names kept as published (e.g. "Urdu/Advance"); two long Commerce subject names that wrap over two lines in the gazette are joined. Regular + Private = Overall in every row.
A4: Group | B4: Sr.# | C4: Subject (Theory / Practical) | D4: Regular Appeared | E4: Regular Passed | F4: Regular Pass % | G4: Private Appeared | H4: Private Passed | I4: Private Pass % | J4: Overall Appeared | K4: Overall Passed | L4: Overall Pass %
A5: Pre Medical | B5: 1 | C5: Translation of the Holy Quran | D5: 32809 | E5: 32792 | F5: 99.95 | G5: 465 | H5: 459 | I5: 98.71 | J5: 33274 | K5: 33251 | L5: 99.93
A6: Pre Medical | B6: 2 | C6: Urdu | D6: 34052 | E6: 33902 | F6: 99.56 | G6: 745 | H6: 702 | I6: 94.23 | J6: 34797 | K6: 34604 | L6: 99.45
A7: Pre Medical | B7: 3 | C7: Pakistani Culture | D7: 12 | E7: 12 | F7: 100 | G7: 0 | H7: 0 | I7: 0 | J7: 12 | K7: 12 | L7: 100
A8: Pre Medical | B8: 4 | C8: English | D8: 34106 | E8: 33279 | F8: 97.58 | G8: 923 | H8: 789 | I8: 85.48 | J8: 35029 | K8: 34068 | L8: 97.26
A9: Pre Medical | B9: 5 | C9: Pakistan Studies | D9: 34058 | E9: 34007 | F9: 99.85 | G9: 451 | H9: 449 | I9: 99.56 | J9: 34509 | K9: 34456 | L9: 99.85
A10: Pre Medical | B10: 6 | C10: Civics for Non Muslim | D10: 35 | E10: 35 | F10: 100 | G10: 2 | H10: 2 | I10: 100 | J10: 37 | K10: 37 | L10: 100
A11: Pre Medical | B11: 7 | C11: Physics (Theory) | D11: 34031 | E11: 32343 | F11: 95.04 | G11: 1783 | H11: 1379 | I11: 77.34 | J11: 35814 | K11: 33722 | L11: 94.16
A12: Pre Medical | B12: 8 | C12: Physics (Practical) | D12: 33973 | E12: 33899 | F12: 99.78 | G12: 526 | H12: 526 | I12: 100 | J12: 34499 | K12: 34425 | L12: 99.79
A13: Pre Medical | B13: 9 | C13: Chemistry (Theory) | D13: 34055 | E13: 29657 | F13: 87.09 | G13: 2389 | H13: 1237 | I13: 51.78 | J13: 36444 | K13: 30894 | L13: 84.77
A14: Pre Medical | B14: 10 | C14: Chemistry (Practical) | D14: 34000 | E14: 33796 | F14: 99.4 | G14: 633 | H14: 628 | I14: 99.21 | J14: 34633 | K14: 34424 | L14: 99.4
A15: Pre Medical | B15: 11 | C15: Biology (Theory) | D15: 34061 | E15: 31083 | F15: 91.26 | G15: 2501 | H15: 1727 | I15: 69.05 | J15: 36562 | K15: 32810 | L15: 89.74
A16: Pre Medical | B16: 12 | C16: Biology (Practical) | D16: 33979 | E16: 33942 | F16: 99.89 | G16: 733 | H16: 730 | I16: 99.59 | J16: 34712 | K16: 34672 | L16: 99.88
... A121: Humanities & Others | B121: 66 | C121: Clinical Pathology & Serology (Practical) | D121: 17 | E121: 17 | F121: 100 | G121: 0 | H121: 0 | I121: 0 | J121: 17 | K121: 17 | L121: 100

Sheet LHR 2026 District Wise Pass %
A1: District-Wise Pass Percentage — Intermediate Part I & II (First Annual) 2026
A2: Source: BISE Lahore Result Gazette, Intermediate Part I & II (First Annual) Examination 2026 (district-wise pass percentage, pages 6-10). Pass % as published. Districts: Kasur, Sheikhupura, Lahore, Nankana Sahib and Daanish Schools. The 2024 and 2025 gazettes supplied did not include this table. Daanish Schools print "-" for no candidates (Commerce, Humanities & Others) — stored as 0. District Total Appeared / Passed add to the board figures for Boys + Girls (189,373 appeared, 123,060 passed).
A4: District | B4: Group | C4: Gender | D4: Regular Appeared | E4: Regular Passed | F4: Regular Pass % | G4: Private Appeared | H4: Private Passed | I4: Private Pass % | J4: Total Appeared | K4: Total Passed | L4: Total Pass %
A5: Kasur | B5: Pre-Medical | C5: Boys | D5: 1000 | E5: 757 | F5: 75.7 | G5: 210 | H5: 107 | I5: 50.95 | J5: 1210 | K5: 864 | L5: 71.4
A6: Kasur | B6: Pre-Medical | C6: Girls | D6: 3949 | E6: 3453 | F6: 87.44 | G6: 555 | H6: 345 | I6: 62.16 | J6: 4504 | K6: 3798 | L6: 84.33
A7: Kasur | B7: Pre-Medical | C7: Total | D7: 4949 | E7: 4210 | F7: 85.07 | G7: 765 | H7: 452 | I7: 59.08 | J7: 5714 | K7: 4662 | L7: 81.59
A8: Kasur | B8: Pre-Engineering | C8: Boys | D8: 395 | E8: 340 | F8: 86.08 | G8: 70 | H8: 30 | I8: 42.86 | J8: 465 | K8: 370 | L8: 79.57
A9: Kasur | B9: Pre-Engineering | C9: Girls | D9: 308 | E9: 276 | F9: 89.61 | G9: 34 | H9: 21 | I9: 61.76 | J9: 342 | K9: 297 | L9: 86.84
A10: Kasur | B10: Pre-Engineering | C10: Total | D10: 703 | E10: 616 | F10: 87.62 | G10: 104 | H10: 51 | I10: 49.04 | J10: 807 | K10: 667 | L10: 82.65
A11: Kasur | B11: General Science | C11: Boys | D11: 3175 | E11: 1940 | F11: 61.1 | G11: 614 | H11: 203 | I11: 33.06 | J11: 3789 | K11: 2143 | L11: 56.56
A12: Kasur | B12: General Science | C12: Girls | D12: 3519 | E12: 2790 | F12: 79.28 | G12: 295 | H12: 133 | I12: 45.08 | J12: 3814 | K12: 2923 | L12: 76.64
A13: Kasur | B13: General Science | C13: Total | D13: 6694 | E13: 4730 | F13: 70.66 | G13: 909 | H13: 336 | I13: 36.96 | J13: 7603 | K13: 5066 | L13: 66.63
A14: Kasur | B14: Commerce | C14: Boys | D14: 160 | E14: 116 | F14: 72.5 | G14: 99 | H14: 45 | I14: 45.45 | J14: 259 | K14: 161 | L14: 62.16
A15: Kasur | B15: Commerce | C15: Girls | D15: 130 | E15: 118 | F15: 90.77 | G15: 48 | H15: 30 | I15: 62.5 | J15: 178 | K15: 148 | L15: 83.15
A16: Kasur | B16: Commerce | C16: Total | D16: 290 | E16: 234 | F16: 80.69 | G16: 147 | H16: 75 | I16: 51.02 | J16: 437 | K16: 309 | L16: 70.71
... A94: Daanish Schools | B94: TOTAL | C94: Total | D94: 1163 | E94: 1156 | F94: 99.4 | G94: 9 | H94: 7 | I94: 77.78 | J94: 1172 | K94: 1163 | L94: 99.23

Sheet Mar-Overview
A1: Board of Intermediate & Secondary Education Mardan
A2: HSSC (Annual-I) Result at a Glance, Part-II — 2024, 2025 and 2026 (Class 12th, Overall). Totals are the sum of the five group sheets; the gazette shows no grade breakdown.
A4: Year | B4: Appeared | C4: Passed | D4: Pass % | E4: Failed
A5: 2024 | B5: ='Mar-Pre-Medical Group'!C9+'Mar-Pre-Engineering Group'!C9+'Mar-General Science Group'!C9+'Mar-Humanities Group'!C9+'Mar-Home Economics Group'!C9 -> 42873 | C5: ='Mar-Pre-Medical Group'!D9+'Mar-Pre-Engineering Group'!D9+'Mar-General Science Group'!D9+'Mar-Humanities Group'!D9+'Mar-Home Economics Group'!D9 -> 40105 | D5: =C5/B5 -> 0.93543722 | E5: =B5-C5 -> 2768
A6: 2025 | B6: ='Mar-Pre-Medical Group'!C14+'Mar-Pre-Engineering Group'!C14+'Mar-General Science Group'!C14+'Mar-Humanities Group'!C14+'Mar-Home Economics Group'!C14 -> 45778 | C6: ='Mar-Pre-Medical Group'!D14+'Mar-Pre-Engineering Group'!D14+'Mar-General Science Group'!D14+'Mar-Humanities Group'!D14+'Mar-Home Economics Group'!D14 -> 38674 | D6: =C6/B6 -> 0.84481629 | E6: =B6-C6 -> 7104
A7: 2026 | B7: ='Mar-Pre-Medical Group'!C19+'Mar-Pre-Engineering Group'!C19+'Mar-General Science Group'!C19+'Mar-Humanities Group'!C19+'Mar-Home Economics Group'!C19 -> 49250 | C7: ='Mar-Pre-Medical Group'!D19+'Mar-Pre-Engineering Group'!D19+'Mar-General Science Group'!D19+'Mar-Humanities Group'!D19+'Mar-Home Economics Group'!D19 -> 39178 | D7: =C7/B7 -> 0.79549239 | E7: =B7-C7 -> 10072

Sheet Mar-Pre-Medical Group
A1: BISE Mardan — HSSC (Annual-I) — Pre-Medical Group — Class 12th
A2: Source: BISE Mardan, HSSC (Annual-I) Examination 2024 — Result at a Glance, Part-II. Pass % = Passed ÷ Appeared. 2025: same source, HSSC (Annual-I) Examination 2025 Result at a Glance, Part-II (gazette pass % matches the calculated figures). 2026: same source, HSSC (Annual-I) Examination-2026 Result at a Glance, Part-II (gazette pass % matches the calculated figures).
A4: Year | B4: Category | C4: Appeared | D4: Passed | E4: Pass % | F4: Failed
A5: 2024 | B5: Regular (Female) | C5: 8242 | D5: 8001 | E5: =IF(C5=0,0,D5/C5) -> 0.97075952 | F5: =C5-D5 -> 241
A6: 2024 | B6: Regular (Male) | C6: 11282 | D6: 10861 | E6: =IF(C6=0,0,D6/C6) -> 0.96268392 | F6: =C6-D6 -> 421
A7: 2024 | B7: Private (Female) | C7: 765 | D7: 755 | E7: =IF(C7=0,0,D7/C7) -> 0.9869281 | F7: =C7-D7 -> 10
A8: 2024 | B8: Private (Male) | C8: 904 | D8: 863 | E8: =IF(C8=0,0,D8/C8) -> 0.95464602 | F8: =C8-D8 -> 41
A9: 2024 | B9: Total | C9: =SUM(C5:C8) -> 21193 | D9: =SUM(D5:D8) -> 20480 | E9: =IF(C9=0,0,D9/C9) -> 0.96635682 | F9: =C9-D9 -> 713
A10: 2025 | B10: Regular (Female) | C10: 9852 | D10: 8905 | E10: =IF(C10=0,0,D10/C10) -> 0.90387739 | F10: =C10-D10 -> 947
A11: 2025 | B11: Regular (Male) | C11: 12063 | D11: 10061 | E11: =IF(C11=0,0,D11/C11) -> 0.83403797 | F11: =C11-D11 -> 2002
A12: 2025 | B12: Private (Female) | C12: 465 | D12: 446 | E12: =IF(C12=0,0,D12/C12) -> 0.95913978 | F12: =C12-D12 -> 19
A13: 2025 | B13: Private (Male) | C13: 593 | D13: 539 | E13: =IF(C13=0,0,D13/C13) -> 0.90893761 | F13: =C13-D13 -> 54
A14: 2025 | B14: Total | C14: =SUM(C10:C13) -> 22973 | D14: =SUM(D10:D13) -> 19951 | E14: =IF(C14=0,0,D14/C14) -> 0.86845427 | F14: =C14-D14 -> 3022
A15: 2026 | B15: Regular (Female) | C15: 11297 | D15: 10530 | E15: =IF(C15=0,0,D15/C15) -> 0.93210587 | F15: =C15-D15 -> 767
A16: 2026 | B16: Regular (Male) | C16: 12102 | D16: 9606 | E16: =IF(C16=0,0,D16/C16) -> 0.7937531 | F16: =C16-D16 -> 2496
A17: 2026 | B17: Private (Female) | C17: 910 | D17: 880 | E17: =IF(C17=0,0,D17/C17) -> 0.96703297 | F17: =C17-D17 -> 30
A18: 2026 | B18: Private (Male) | C18: 775 | D18: 707 | E18: =IF(C18=0,0,D18/C18) -> 0.91225806 | F18: =C18-D18 -> 68
A19: 2026 | B19: Total | C19: =SUM(C15:C18) -> 25084 | D19: =SUM(D15:D18) -> 21723 | E19: =IF(C19=0,0,D19/C19) -> 0.86601021 | F19: =C19-D19 -> 3361

Sheet Mar-Pre-Engineering Group
A1: BISE Mardan — HSSC (Annual-I) — Pre-Engineering Group — Class 12th
A2: Source: BISE Mardan, HSSC (Annual-I) Examination 2024 — Result at a Glance, Part-II. Pass % = Passed ÷ Appeared. 2025: same source, HSSC (Annual-I) Examination 2025 Result at a Glance, Part-II (gazette pass % matches the calculated figures). 2026: same source, HSSC (Annual-I) Examination-2026 Result at a Glance, Part-II (gazette pass % matches the calculated figures).
A4: Year | B4: Category | C4: Appeared | D4: Passed | E4: Pass % | F4: Failed
A5: 2024 | B5: Regular (Female) | C5: 353 | D5: 335 | E5: =IF(C5=0,0,D5/C5) -> 0.9490085 | F5: =C5-D5 -> 18
A6: 2024 | B6: Regular (Male) | C6: 2345 | D6: 2150 | E6: =IF(C6=0,0,D6/C6) -> 0.91684435 | F6: =C6-D6 -> 195
A7: 2024 | B7: Private (Female) | C7: 55 | D7: 50 | E7: =IF(C7=0,0,D7/C7) -> 0.90909091 | F7: =C7-D7 -> 5
A8: 2024 | B8: Private (Male) | C8: 288 | D8: 238 | E8: =IF(C8=0,0,D8/C8) -> 0.82638889 | F8: =C8-D8 -> 50
A9: 2024 | B9: Total | C9: =SUM(C5:C8) -> 3041 | D9: =SUM(D5:D8) -> 2773 | E9: =IF(C9=0,0,D9/C9) -> 0.9118711 | F9: =C9-D9 -> 268
A10: 2025 | B10: Regular (Female) | C10: 450 | D10: 415 | E10: =IF(C10=0,0,D10/C10) -> 0.92222222 | F10: =C10-D10 -> 35
A11: 2025 | B11: Regular (Male) | C11: 2606 | D11: 2064 | E11: =IF(C11=0,0,D11/C11) -> 0.79201842 | F11: =C11-D11 -> 542
A12: 2025 | B12: Private (Female) | C12: 69 | D12: 58 | E12: =IF(C12=0,0,D12/C12) -> 0.84057971 | F12: =C12-D12 -> 11
A13: 2025 | B13: Private (Male) | C13: 182 | D13: 129 | E13: =IF(C13=0,0,D13/C13) -> 0.70879121 | F13: =C13-D13 -> 53
A14: 2025 | B14: Total | C14: =SUM(C10:C13) -> 3307 | D14: =SUM(D10:D13) -> 2666 | E14: =IF(C14=0,0,D14/C14) -> 0.80616873 | F14: =C14-D14 -> 641
A15: 2026 | B15: Regular (Female) | C15: 472 | D15: 413 | E15: =IF(C15=0,0,D15/C15) -> 0.875 | F15: =C15-D15 -> 59
A16: 2026 | B16: Regular (Male) | C16: 2472 | D16: 1768 | E16: =IF(C16=0,0,D16/C16) -> 0.71521036 | F16: =C16-D16 -> 704
A17: 2026 | B17: Private (Female) | C17: 48 | D17: 28 | E17: =IF(C17=0,0,D17/C17) -> 0.58333333 | F17: =C17-D17 -> 20
A18: 2026 | B18: Private (Male) | C18: 194 | D18: 134 | E18: =IF(C18=0,0,D18/C18) -> 0.69072165 | F18: =C18-D18 -> 60
A19: 2026 | B19: Total | C19: =SUM(C15:C18) -> 3186 | D19: =SUM(D15:D18) -> 2343 | E19: =IF(C19=0,0,D19/C19) -> 0.7354049 | F19: =C19-D19 -> 843

Sheet Mar-General Science Group
A1: BISE Mardan — HSSC (Annual-I) — General Science Group — Class 12th
A2: Source: BISE Mardan, HSSC (Annual-I) Examination 2024 — Result at a Glance, Part-II. Pass % = Passed ÷ Appeared. 2025: same source, HSSC (Annual-I) Examination 2025 Result at a Glance, Part-II (gazette pass % matches the calculated figures). 2026: same source, HSSC (Annual-I) Examination-2026 Result at a Glance, Part-II (gazette pass % matches the calculated figures).
A4: Year | B4: Category | C4: Appeared | D4: Passed | E4: Pass % | F4: Failed
A5: 2024 | B5: Regular (Female) | C5: 360 | D5: 314 | E5: =IF(C5=0,0,D5/C5) -> 0.87222222 | F5: =C5-D5 -> 46
A6: 2024 | B6: Regular (Male) | C6: 3305 | D6: 3009 | E6: =IF(C6=0,0,D6/C6) -> 0.91043873 | F6: =C6-D6 -> 296
A7: 2024 | B7: Private (Female) | C7: 23 | D7: 21 | E7: =IF(C7=0,0,D7/C7) -> 0.91304348 | F7: =C7-D7 -> 2
A8: 2024 | B8: Private (Male) | C8: 111 | D8: 92 | E8: =IF(C8=0,0,D8/C8) -> 0.82882883 | F8: =C8-D8 -> 19
A9: 2024 | B9: Total | C9: =SUM(C5:C8) -> 3799 | D9: =SUM(D5:D8) -> 3436 | E9: =IF(C9=0,0,D9/C9) -> 0.90444854 | F9: =C9-D9 -> 363
A10: 2025 | B10: Regular (Female) | C10: 612 | D10: 587 | E10: =IF(C10=0,0,D10/C10) -> 0.95915033 | F10: =C10-D10 -> 25
A11: 2025 | B11: Regular (Male) | C11: 4939 | D11: 4268 | E11: =IF(C11=0,0,D11/C11) -> 0.86414254 | F11: =C11-D11 -> 671
A12: 2025 | B12: Private (Female) | C12: 20 | D12: 17 | E12: =IF(C12=0,0,D12/C12) -> 0.85 | F12: =C12-D12 -> 3
A13: 2025 | B13: Private (Male) | C13: 125 | D13: 96 | E13: =IF(C13=0,0,D13/C13) -> 0.768 | F13: =C13-D13 -> 29
A14: 2025 | B14: Total | C14: =SUM(C10:C13) -> 5696 | D14: =SUM(D10:D13) -> 4968 | E14: =IF(C14=0,0,D14/C14) -> 0.87219101 | F14: =C14-D14 -> 728
A15: 2026 | B15: Regular (Female) | C15: 740 | D15: 576 | E15: =IF(C15=0,0,D15/C15) -> 0.77837838 | F15: =C15-D15 -> 164
A16: 2026 | B16: Regular (Male) | C16: 6553 | D16: 4685 | E16: =IF(C16=0,0,D16/C16) -> 0.71493972 | F16: =C16-D16 -> 1868
A17: 2026 | B17: Private (Female) | C17: 9 | D17: 5 | E17: =IF(C17=0,0,D17/C17) -> 0.55555556 | F17: =C17-D17 -> 4
A18: 2026 | B18: Private (Male) | C18: 151 | D18: 114 | E18: =IF(C18=0,0,D18/C18) -> 0.75496689 | F18: =C18-D18 -> 37
A19: 2026 | B19: Total | C19: =SUM(C15:C18) -> 7453 | D19: =SUM(D15:D18) -> 5380 | E19: =IF(C19=0,0,D19/C19) -> 0.72185697 | F19: =C19-D19 -> 2073

Sheet Mar-Humanities Group
A1: BISE Mardan — HSSC (Annual-I) — Humanities Group — Class 12th
A2: Source: BISE Mardan, HSSC (Annual-I) Examination 2024 — Result at a Glance, Part-II. Pass % = Passed ÷ Appeared. 2025: same source, HSSC (Annual-I) Examination 2025 Result at a Glance, Part-II (gazette pass % matches the calculated figures). 2026: same source, HSSC (Annual-I) Examination-2026 Result at a Glance, Part-II (gazette pass % matches the calculated figures).
A4: Year | B4: Category | C4: Appeared | D4: Passed | E4: Pass % | F4: Failed
A5: 2024 | B5: Regular (Female) | C5: 4982 | D5: 4764 | E5: =IF(C5=0,0,D5/C5) -> 0.95624247 | F5: =C5-D5 -> 218
A6: 2024 | B6: Regular (Male) | C6: 4579 | D6: 4138 | E6: =IF(C6=0,0,D6/C6) -> 0.90369076 | F6: =C6-D6 -> 441
A7: 2024 | B7: Private (Female) | C7: 1829 | D7: 1598 | E7: =IF(C7=0,0,D7/C7) -> 0.87370148 | F7: =C7-D7 -> 231
A8: 2024 | B8: Private (Male) | C8: 3361 | D8: 2838 | E8: =IF(C8=0,0,D8/C8) -> 0.84439155 | F8: =C8-D8 -> 523
A9: 2024 | B9: Total | C9: =SUM(C5:C8) -> 14751 | D9: =SUM(D5:D8) -> 13338 | E9: =IF(C9=0,0,D9/C9) -> 0.90420988 | F9: =C9-D9 -> 1413
A10: 2025 | B10: Regular (Female) | C10: 5229 | D10: 4830 | E10: =IF(C10=0,0,D10/C10) -> 0.92369478 | F10: =C10-D10 -> 399
A11: 2025 | B11: Regular (Male) | C11: 4176 | D11: 3097 | E11: =IF(C11=0,0,D11/C11) -> 0.74161877 | F11: =C11-D11 -> 1079
A12: 2025 | B12: Private (Female) | C12: 1573 | D12: 1274 | E12: =IF(C12=0,0,D12/C12) -> 0.80991736 | F12: =C12-D12 -> 299
A13: 2025 | B13: Private (Male) | C13: 2772 | D13: 1846 | E13: =IF(C13=0,0,D13/C13) -> 0.66594517 | F13: =C13-D13 -> 926
A14: 2025 | B14: Total | C14: =SUM(C10:C13) -> 13750 | D14: =SUM(D10:D13) -> 11047 | E14: =IF(C14=0,0,D14/C14) -> 0.80341818 | F14: =C14-D14 -> 2703
A15: 2026 | B15: Regular (Female) | C15: 6120 | D15: 5372 | E15: =IF(C15=0,0,D15/C15) -> 0.87777778 | F15: =C15-D15 -> 748
A16: 2026 | B16: Regular (Male) | C16: 4021 | D16: 2159 | E16: =IF(C16=0,0,D16/C16) -> 0.53693111 | F16: =C16-D16 -> 1862
A17: 2026 | B17: Private (Female) | C17: 1346 | D17: 1056 | E17: =IF(C17=0,0,D17/C17) -> 0.78454681 | F17: =C17-D17 -> 290
A18: 2026 | B18: Private (Male) | C18: 1991 | D18: 1102 | E18: =IF(C18=0,0,D18/C18) -> 0.55349071 | F18: =C18-D18 -> 889
A19: 2026 | B19: Total | C19: =SUM(C15:C18) -> 13478 | D19: =SUM(D15:D18) -> 9689 | E19: =IF(C19=0,0,D19/C19) -> 0.7188752 | F19: =C19-D19 -> 3789

Sheet Mar-Home Economics Group
A1: BISE Mardan — HSSC (Annual-I) — Home Economics Group — Class 12th
A2: Source: BISE Mardan, HSSC (Annual-I) Examination 2024 — Result at a Glance, Part-II. Pass % = Passed ÷ Appeared. Published Pass % for Private (Female) is printed as 0.00 although 2 of 2 passed; the calculated 100% is used. 2025: same source, HSSC (Annual-I) Examination 2025 Result at a Glance, Part-II (gazette pass % matches the calculated figures). 2026: same source, HSSC (Annual-I) Examination-2026 Result at a Glance, Part-II (gazette pass % matches the calculated figures).
A4: Year | B4: Category | C4: Appeared | D4: Passed | E4: Pass % | F4: Failed
A5: 2024 | B5: Regular (Female) | C5: 87 | D5: 76 | E5: =IF(C5=0,0,D5/C5) -> 0.87356322 | F5: =C5-D5 -> 11
A6: 2024 | B6: Regular (Male) | C6: 0 | D6: 0 | E6: =IF(C6=0,0,D6/C6) -> 0 | F6: =C6-D6 -> 0
A7: 2024 | B7: Private (Female) | C7: 2 | D7: 2 | E7: =IF(C7=0,0,D7/C7) -> 1 | F7: =C7-D7 -> 0
A8: 2024 | B8: Private (Male) | C8: 0 | D8: 0 | E8: =IF(C8=0,0,D8/C8) -> 0 | F8: =C8-D8 -> 0
A9: 2024 | B9: Total | C9: =SUM(C5:C8) -> 89 | D9: =SUM(D5:D8) -> 78 | E9: =IF(C9=0,0,D9/C9) -> 0.87640449 | F9: =C9-D9 -> 11
A10: 2025 | B10: Regular (Female) | C10: 49 | D10: 40 | E10: =IF(C10=0,0,D10/C10) -> 0.81632653 | F10: =C10-D10 -> 9
A11: 2025 | B11: Regular (Male) | C11: 0 | D11: 0 | E11: =IF(C11=0,0,D11/C11) -> 0 | F11: =C11-D11 -> 0
A12: 2025 | B12: Private (Female) | C12: 3 | D12: 2 | E12: =IF(C12=0,0,D12/C12) -> 0.66666667 | F12: =C12-D12 -> 1
A13: 2025 | B13: Private (Male) | C13: 0 | D13: 0 | E13: =IF(C13=0,0,D13/C13) -> 0 | F13: =C13-D13 -> 0
A14: 2025 | B14: Total | C14: =SUM(C10:C13) -> 52 | D14: =SUM(D10:D13) -> 42 | E14: =IF(C14=0,0,D14/C14) -> 0.80769231 | F14: =C14-D14 -> 10
A15: 2026 | B15: Regular (Female) | C15: 48 | D15: 42 | E15: =IF(C15=0,0,D15/C15) -> 0.875 | F15: =C15-D15 -> 6
A16: 2026 | B16: Regular (Male) | C16: 0 | D16: 0 | E16: =IF(C16=0,0,D16/C16) -> 0 | F16: =C16-D16 -> 0
A17: 2026 | B17: Private (Female) | C17: 1 | D17: 1 | E17: =IF(C17=0,0,D17/C17) -> 1 | F17: =C17-D17 -> 0
A18: 2026 | B18: Private (Male) | C18: 0 | D18: 0 | E18: =IF(C18=0,0,D18/C18) -> 0 | F18: =C18-D18 -> 0
A19: 2026 | B19: Total | C19: =SUM(C15:C18) -> 49 | D19: =SUM(D15:D18) -> 43 | E19: =IF(C19=0,0,D19/C19) -> 0.87755102 | F19: =C19-D19 -> 6

Sheet Pes-Summary (2024-2026)
A1: BISE PESHAWAR — HSSC ANNUAL-I (12th) — SUMMARY (2024-2026)
A2: Source: BISE Peshawar, HSSC Annual-I Examination 2024 — Result at a Glance. 2024 and 2025 gazettes supplied (2025 has Part-II only). Part-II is the final (second-year) result. Part-I Pass % as published (promotion-based); Part-II Pass % calculated. 2026: gazette Result at a Glance, HSSC Annual-I 2026 (Part-I and Part-II; source www.taleem360.com copy). Part-I 99.10% is the published Pass/Promoted % ((Passed + Promoted) ÷ Total Students); Part-II Pass % calculated (gazette prints 52.60).
A4: Year | B4: Part | C4: Total Students | D4: Passed | E4: Fail | F4: Promoted | G4: Absent | H4: Pass %
A5: 2024 | B5: Part-I | C5: 62886 | D5: 50207 | F5: 12127 | G5: 533 | H5: 99.1
A6: 2024 | B6: Part-II | C6: 61217 | D6: 56117 | E6: 4573 | G6: 497 | H6: =ROUND(D6/C6*100,2) -> 91.67
A7: 2025 | B7: Part-II | C7: 62322 | D7: 44902 | E7: 16837 | G7: 583 | H7: =ROUND(D7/C7*100,2) -> 72.05
A8: 2026 | B8: Part-I | C8: 63605 | D8: 31169 | F8: 31864 | G8: 572 | H8: 99.1
A9: 2026 | B9: Part-II | C9: 66735 | D9: 35103 | E9: 30878 | G9: 754 | H9: =ROUND(D9/C9*100,2) -> 52.6

Sheet Pes-Group-wise Part-I
A1: BISE Peshawar — HSSC Annual-I — Group-wise Distribution — Part-I (Class 12th)
A2: Source: BISE Peshawar, HSSC Annual-I Examination 2024 — Result at a Glance, Part-I. Pass % as published (the gazette's Part-I Pass % is not Passed ÷ Total Students; it appears to exclude promoted candidates). Gazette inconsistency kept as published: in some rows A1-E do not add up to Passed, and Total differs from Passed + Promoted + Absent by a few units (the category totals still equal the sum of their groups). 2026: source HSSC Annual-I Examination 2026, Result at a Glance Part-I. Pass % is the published Pass/Promoted % ((Passed + Promoted) ÷ Total Students). In every 2026 row A1–E add to Passed and Total = Passed + Promoted + Absent; category totals add to the published overall table.
A4: Year | B4: Category | C4: Group | D4: Total Students | E4: Passed | F4: Pass % | G4: A1 | H4: A | I4: B | J4: C | K4: D | L4: E | M4: Promoted | N4: Absent
A5: 2024 | B5: REGULAR (FEMALE) | C5: Pre-Medical | D5: 13097 | E5: 12056 | F5: 99.6 | G5: 4899 | H5: 3748 | I5: 2764 | J5: 629 | K5: 17 | L5: 0 | M5: 991 | N5: 49
A6: 2024 | B6: REGULAR (FEMALE) | C6: Pre-Engineering | D6: 437 | E6: 391 | F6: 99.5 | G6: 165 | H6: 118 | I6: 80 | J6: 27 | K6: 1 | L6: 0 | M6: 44 | N6: 2
A7: 2024 | B7: REGULAR (FEMALE) | C7: Humanities | D7: 5910 | E7: 5119 | F7: 99.4 | G7: 125 | H7: 1332 | I7: 2512 | J7: 1064 | K7: 85 | L7: 1 | M7: 756 | N7: 35
A8: 2024 | B8: REGULAR (FEMALE) | C8: Home Economics | D8: 199 | E8: 170 | F8: 98.5 | G8: 7 | H8: 76 | I8: 73 | J8: 14 | K8: 0 | L8: 0 | M8: 26 | N8: 3
A9: 2024 | B9: REGULAR (FEMALE) | C9: General / Computer Science | D9: 840 | E9: 704 | F9: 99.6 | G9: 155 | H9: 269 | I9: 200 | J9: 78 | K9: 2 | L9: 0 | M9: 133 | N9: 3
A10: 2024 | B10: REGULAR (MALE) | C10: Pre-Medical | D10: 18461 | E10: 14769 | F10: 99.3 | G10: 4454 | H10: 4428 | I10: 3883 | J10: 1900 | K10: 105 | L10: 0 | M10: 3561 | N10: 130
A11: 2024 | B11: REGULAR (MALE) | C11: Pre-Engineering | D11: 3169 | E11: 2533 | F11: 99.6 | G11: 505 | H11: 826 | I11: 776 | J11: 363 | K11: 62 | L11: 1 | M11: 623 | N11: 13
A12: 2024 | B12: REGULAR (MALE) | C12: Humanities | D12: 5213 | E12: 3486 | F12: 99 | G12: 19 | H12: 260 | I12: 1096 | J12: 1666 | K12: 445 | L12: 0 | M12: 1675 | N12: 52
A13: 2024 | B13: REGULAR (MALE) | C13: General / Computer Science | D13: 10312 | E13: 7990 | F13: 99.2 | G13: 1400 | H13: 2670 | I13: 2696 | J13: 1133 | K13: 91 | L13: 0 | M13: 2241 | N13: 81
A14: 2024 | B14: REGULAR (MALE) | C14: Darse-E-Nizami | D14: 19 | E14: 17 | F14: 100 | G14: 0 | H14: 2 | I14: 5 | J14: 9 | K14: 1 | L14: 0 | M14: 2 | N14: 0
A15: 2024 | B15: PRIVATE (FEMALE) | C15: Humanities | D15: 1776 | E15: 1325 | F15: 97.3 | G15: 60 | H15: 361 | I15: 536 | J15: 330 | K15: 41 | L15: 0 | M15: 404 | N15: 44
A16: 2024 | B16: PRIVATE (MALE) | C16: Humanities | D16: 3453 | E16: 1647 | F16: 96.1 | G16: 2 | H16: 101 | I16: 480 | J16: 813 | K16: 264 | L16: 1 | M16: 1671 | N16: 121
... A27: 2026 | B27: PRIVATE (MALE) | C27: Humanities | D27: 2160 | E27: 697 | F27: 95.88 | G27: 1 | H27: 78 | I27: 221 | J27: 285 | K27: 111 | L27: 1 | M27: 1374 | N27: 89

Sheet Pes-Group-wise Part-II
A1: BISE Peshawar — HSSC Annual-I — Group-wise Distribution — Part-II (Class 12th)
A2: Source: BISE Peshawar, HSSC Annual-I Examination 2024 — Result at a Glance, Part-II. Pass % = Passed ÷ Total Students (the gazette prints it rounded to 1 decimal). Gazette inconsistency kept as published: in some rows A1-E do not add up to Passed, and Total differs from Passed + Fail + Absent by a few units (the category totals still equal the sum of their groups). 2025: source HSSC Annual-I Examination 2025 Result at a Glance (Part-II only; no Part-I result in the 2025 gazette); Total = Passed + Fail + Absent holds in every 2025 row, and category totals equal the sum of their groups. 2026: source HSSC Annual-I Examination 2026, Result at a Glance Part-II. Total = Passed + Fail + Absent and A1–E add to Passed in every 2026 row; groups add to the published overall table. New 2026 rows: Darse-E-Nizami (Private Male, 2 candidates). Pass % calculated (gazette prints it to 2 decimals).
A4: Year | B4: Category | C4: Group | D4: Total Students | E4: Passed | F4: Pass % | G4: A1 | H4: A | I4: B | J4: C | K4: D | L4: E | M4: Fail | N4: Absent
A5: 2024 | B5: REGULAR (FEMALE) | C5: Pre-Medical | D5: 11181 | E5: 10950 | F5: =ROUND(E5/D5*100,2) -> 97.93 | G5: 5080 | H5: 3525 | I5: 1990 | J5: 343 | K5: 14 | L5: 0 | M5: 203 | N5: 26
A6: 2024 | B6: REGULAR (FEMALE) | C6: Pre-Engineering | D6: 388 | E6: 379 | F6: =ROUND(E6/D6*100,2) -> 97.68 | G6: 168 | H6: 133 | I6: 74 | J6: 3 | K6: 1 | L6: 0 | M6: 7 | N6: 2
A7: 2024 | B7: REGULAR (FEMALE) | C7: Humanities | D7: 5351 | E7: 5126 | F7: =ROUND(E7/D7*100,2) -> 95.8 | G7: 283 | H7: 1899 | I7: 2256 | J7: 639 | K7: 49 | L7: 1 | M7: 199 | N7: 25
A8: 2024 | B8: REGULAR (FEMALE) | C8: Home Economics | D8: 235 | E8: 228 | F8: =ROUND(E8/D8*100,2) -> 97.02 | G8: 19 | H8: 123 | I8: 73 | J8: 12 | K8: 1 | L8: 0 | M8: 7 | N8: 0
A9: 2024 | B9: REGULAR (FEMALE) | C9: General / Computer Science | D9: 616 | E9: 560 | F9: =ROUND(E9/D9*100,2) -> 90.91 | G9: 111 | H9: 217 | I9: 216 | J9: 16 | K9: 0 | L9: 0 | M9: 54 | N9: 2
A10: 2024 | B10: REGULAR (MALE) | C10: Pre-Medical | D10: 17764 | E10: 16635 | F10: =ROUND(E10/D10*100,2) -> 93.64 | G10: 5466 | H10: 4654 | I10: 4050 | J10: 2301 | K10: 171 | L10: 3 | M10: 1038 | N10: 81
A11: 2024 | B11: REGULAR (MALE) | C11: Pre-Engineering | D11: 3057 | E11: 2789 | F11: =ROUND(E11/D11*100,2) -> 91.23 | G11: 604 | H11: 935 | I11: 700 | J11: 489 | K11: 64 | L11: 1 | M11: 254 | N11: 10
A12: 2024 | B12: REGULAR (MALE) | C12: Humanities | D12: 5089 | E12: 4503 | F12: =ROUND(E12/D12*100,2) -> 88.48 | G12: 45 | H12: 411 | I12: 1340 | J12: 2089 | K12: 617 | L12: 2 | M12: 549 | N12: 36
A13: 2024 | B13: REGULAR (MALE) | C13: General / Computer Science | D13: 7177 | E13: 6550 | F13: =ROUND(E13/D13*100,2) -> 91.26 | G13: 1011 | H13: 1967 | I13: 2381 | J13: 1106 | K13: 85 | L13: 2 | M13: 580 | N13: 45
A14: 2024 | B14: REGULAR (MALE) | C14: Darse-E-Nizami | D14: 17 | E14: 15 | F14: =ROUND(E14/D14*100,2) -> 88.24 | G14: 1 | H14: 2 | I14: 9 | J14: 3 | K14: 0 | L14: 0 | M14: 2 | N14: 0
A15: 2024 | B15: PRIVATE (FEMALE) | C15: Pre-Medical | D15: 1391 | E15: 1189 | F15: =ROUND(E15/D15*100,2) -> 85.48 | G15: 837 | H15: 167 | I15: 110 | J15: 55 | K15: 18 | L15: 2 | M15: 161 | N15: 41
A16: 2024 | B16: PRIVATE (FEMALE) | C16: Pre-Engineering | D16: 13 | E16: 9 | F16: =ROUND(E16/D16*100,2) -> 69.23 | G16: 0 | H16: 5 | I16: 2 | J16: 1 | K16: 1 | L16: 0 | M16: 3 | N16: 1
... A64: 2026 | B64: PRIVATE (MALE) | C64: Darse-E-Nizami | D64: 2 | E64: 0 | F64: =ROUND(E64/D64*100,2) -> 0 | G64: 0 | H64: 0 | I64: 0 | J64: 0 | K64: 0 | L64: 0 | M64: 1 | N64: 1

Sheet Pes-Gender-wise Part-I
A1: BISE Peshawar — HSSC Annual-I — Gender-wise / Category-wise Result — Part-I (Class 12th)
A2: Source: BISE Peshawar, HSSC Annual-I Examination 2024 — Result at a Glance, Part-I — Overall by category. Pass % as published. Gazette inconsistency kept as published: Grand Total grades add to 50,226 vs Passed 50,207, and Total 62,886 vs Passed + Promoted + Absent 62,867. 2026: source HSSC Annual-I Examination 2026, Overall Part-I. Pass % is the published Pass/Promoted %. Grand Total and grades tie exactly to the category rows.
A4: Year | B4: Category | C4: Total Students | D4: Passed | E4: Pass % | F4: A1 | G4: A | H4: B | I4: C | J4: D | K4: E | L4: Promoted | M4: Absent
A5: 2024 | B5: REGULAR (FEMALE) | C5: 20483 | D5: 18440 | E5: 99.5 | F5: 5351 | G5: 5543 | H5: 5629 | I5: 1812 | J5: 105 | K5: 1 | L5: 1950 | M5: 92
A6: 2024 | B6: REGULAR (MALE) | C6: 37174 | D6: 28795 | E6: 99.3 | F6: 6378 | G6: 8186 | H6: 8456 | I6: 5071 | J6: 704 | K6: 1 | L6: 8102 | M6: 276
A7: 2024 | B7: PRIVATE (FEMALE) | C7: 1776 | D7: 1325 | E7: 97.4 | F7: 60 | G7: 361 | H7: 536 | I7: 330 | J7: 41 | K7: 0 | L7: 404 | M7: 44
A8: 2024 | B8: PRIVATE (MALE) | C8: 3453 | D8: 1647 | E8: 96.1 | F8: 2 | G8: 101 | H8: 480 | I8: 813 | J8: 264 | K8: 1 | L8: 1671 | M8: 121
A9: 2024 | B9: GRAND TOTAL | C9: 62886 | D9: 50207 | E9: 99.1 | F9: 11791 | G9: 14191 | H9: 15101 | I9: 8026 | J9: 1114 | K9: 3 | L9: 12127 | M9: 533
A10: 2026 | B10: REGULAR (FEMALE) | C10: 23210 | D10: 16650 | E10: 99.51 | F10: 2099 | G10: 5631 | H10: 6558 | I10: 2236 | J10: 126 | K10: 0 | L10: 6447 | M10: 113
A11: 2026 | B11: REGULAR (MALE) | C11: 36964 | D11: 12980 | E11: 99.13 | F11: 1074 | G11: 2712 | H11: 4757 | I11: 3839 | J11: 593 | K11: 5 | L11: 23661 | M11: 323
A12: 2026 | B12: PRIVATE (FEMALE) | C12: 1271 | D12: 842 | E12: 96.3 | F12: 35 | G12: 245 | H12: 354 | I12: 195 | J12: 13 | K12: 0 | L12: 382 | M12: 47
A13: 2026 | B13: PRIVATE (MALE) | C13: 2160 | D13: 697 | E13: 95.88 | F13: 1 | G13: 78 | H13: 221 | I13: 285 | J13: 111 | K13: 1 | L13: 1374 | M13: 89
A14: 2026 | B14: GRAND TOTAL | C14: 63605 | D14: 31169 | E14: 99.1 | F14: 3209 | G14: 8666 | H14: 11890 | I14: 6555 | J14: 843 | K14: 6 | L14: 31864 | M14: 572

Sheet Pes-Gender-wise Part-II
A1: BISE Peshawar — HSSC Annual-I — Gender-wise / Category-wise Result — Part-II (Class 12th)
A2: Source: BISE Peshawar, HSSC Annual-I Examination 2024 — Result at a Glance, Part-II — Overall by category. Pass % = Passed ÷ Total Students (gazette prints integers: 97, 92, 86, 79, 92). Gazette inconsistency kept as published: Grand Total grades add to 56,147 vs Passed 56,117, and Total 61,217 vs Passed + Fail + Absent 61,187. 2025 (Part-II only): gazette prints Pass % as integers (88, 64, 80, 64, 72); Absent candidates: Regular Female 85, Regular Male 201, Private Female 72, Private Male 225, Grand Total 583 (Total = Passed + Fail + Absent). 2026: source HSSC Annual-I Examination 2026, Overall Part-II (Grand Total 66,735 / 35,103, 52.60% as published = calculated). Total = Passed + Fail + Absent; A1–E add to Passed; Grand Total ties to the category rows. Absent counts: 104, 336, 73, 241 (754 total).
A4: Year | B4: Category | C4: Total Students | D4: Passed | E4: Pass % | F4: A1 | G4: A | H4: B | I4: C | J4: D | K4: E | L4: Fail | M4: Absent
A5: 2024 | B5: REGULAR (FEMALE) | C5: 17771 | D5: 17243 | E5: =ROUND(D5/C5*100,2) -> 97.03 | F5: 5661 | G5: 5897 | H5: 4609 | I5: 1013 | J5: 65 | K5: 1 | L5: 470 | M5: 55
A6: 2024 | B6: REGULAR (MALE) | C6: 33104 | D6: 30492 | E6: =ROUND(D6/C6*100,2) -> 92.11 | F6: 7127 | G6: 7969 | H6: 8480 | I6: 5988 | J6: 937 | K6: 8 | L6: 2423 | M6: 172
A7: 2024 | B7: PRIVATE (FEMALE) | C7: 3430 | D7: 2940 | E7: =ROUND(D7/C7*100,2) -> 85.71 | F7: 860 | G7: 604 | H7: 891 | I7: 494 | J7: 89 | K7: 2 | L7: 424 | M7: 66
A8: 2024 | B8: PRIVATE (MALE) | C8: 6912 | D8: 5442 | E8: =ROUND(D8/C8*100,2) -> 78.73 | F8: 1352 | G8: 471 | H8: 978 | I8: 1699 | J8: 919 | K8: 33 | L8: 1256 | M8: 204
A9: 2024 | B9: GRAND TOTAL | C9: 61217 | D9: 56117 | E9: =ROUND(D9/C9*100,2) -> 91.67 | F9: 15000 | G9: 14941 | H9: 14958 | I9: 9194 | J9: 2010 | K9: 44 | L9: 4573 | M9: 497
A10: 2025 | B10: REGULAR (FEMALE) | C10: 19695 | D10: 17322 | E10: =ROUND(D10/C10*100,2) -> 87.95 | F10: 3675 | G10: 6317 | H10: 5536 | I10: 1682 | J10: 112 | K10: 0 | L10: 2288
A11: 2025 | B11: REGULAR (MALE) | C11: 34246 | D11: 21752 | E11: =ROUND(D11/C11*100,2) -> 63.52 | F11: 2307 | G11: 5799 | H11: 7993 | I11: 4824 | J11: 827 | K11: 2 | L11: 12293
A12: 2025 | B12: PRIVATE (FEMALE) | C12: 2896 | D12: 2321 | E12: =ROUND(D12/C12*100,2) -> 80.15 | F12: 642 | G12: 457 | H12: 719 | I12: 443 | J12: 58 | K12: 2 | L12: 503
A13: 2025 | B13: PRIVATE (MALE) | C13: 5485 | D13: 3507 | E13: =ROUND(D13/C13*100,2) -> 63.94 | F13: 969 | G13: 274 | H13: 601 | I13: 1073 | J13: 568 | K13: 22 | L13: 1753
A14: 2025 | B14: GRAND TOTAL | C14: 62322 | D14: 44902 | E14: =ROUND(D14/C14*100,2) -> 72.05 | F14: 7593 | G14: 12847 | H14: 14849 | I14: 8022 | J14: 1565 | K14: 26 | L14: 16837
A15: 2026 | B15: REGULAR (FEMALE) | C15: 21496 | D15: 16064 | E15: =ROUND(D15/C15*100,2) -> 74.73 | F15: 2346 | G15: 5867 | H15: 6474 | I15: 1353 | J15: 24 | K15: 0 | L15: 5328 | M15: 104
A16: 2026 | B16: REGULAR (MALE) | C16: 35227 | D16: 13756 | E16: =ROUND(D16/C16*100,2) -> 39.05 | F16: 1160 | G16: 3143 | H16: 5848 | I16: 3379 | J16: 226 | K16: 0 | L16: 21135 | M16: 336
A17: 2026 | B17: PRIVATE (FEMALE) | C17: 3426 | D17: 2224 | E17: =ROUND(D17/C17*100,2) -> 64.92 | F17: 917 | G17: 426 | H17: 542 | I17: 294 | J17: 43 | K17: 2 | L17: 1129 | M17: 73
A18: 2026 | B18: PRIVATE (MALE) | C18: 6586 | D18: 3059 | E18: =ROUND(D18/C18*100,2) -> 46.45 | F18: 858 | G18: 443 | H18: 672 | I18: 756 | J18: 321 | K18: 9 | L18: 3286 | M18: 241
A19: 2026 | B19: GRAND TOTAL | C19: 66735 | D19: 35103 | E19: =ROUND(D19/C19*100,2) -> 52.6 | F19: 5281 | G19: 9879 | H19: 13536 | I19: 5782 | J19: 614 | K19: 11 | L19: 30878 | M19: 754

Sheet Pes-Subject-wise Pass %
A1: BISE Peshawar — HSSC Annual-I — Subject-wise Pass Percentage (Part-II) — Class 12th
A2: Source: BISE Peshawar, HSSC Annual-I Examination 2024 — Result at a Glance, subject-wise page (HSSC Part-II). Pass % as published; subject names kept as published. 2025 subject list has 40 subjects (Hematology/Blood Banking, Micro Biology and Clinical Pathology & Serology appear only in 2024). 2026: Part-II subject-wise pass percentage, Annual-I 2026 gazette (40 subjects, as published; names title-cased). Part-I (first-year) subject results for 2026 are on sheet 'Pes-Subject-wise Part-I 2026'.
A4: Year | B4: Subject | C4: Appeared | D4: Passed | E4: Pass %
A5: 2024 | B5: English | C5: 62411 | D5: 60895 | E5: 97.57
A6: 2024 | B6: Child Development | C6: 62 | D6: 61 | E6: 98.39
A7: 2024 | B7: Urdu | C7: 62252 | D7: 60463 | E7: 97.13
A8: 2024 | B8: Pakistani Culture | C8: 24 | D8: 21 | E8: 87.5
A9: 2024 | B9: Islamic Education | C9: 2603 | D9: 2277 | E9: 87.48
A10: 2024 | B10: Al Hadith With Usool E Hadith | C10: 17 | D10: 17 | E10: 100
A11: 2024 | B11: Mutala E Quran Hakeem | C11: 59828 | D11: 58867 | E11: 98.39
A12: 2024 | B12: Ethics (For Other Religion Students) | C12: 269 | D12: 253 | E12: 94.05
A13: 2024 | B13: Al Adab Al Arabi | C13: 17 | D13: 17 | E13: 100
A14: 2024 | B14: Pakistan Studies | C14: 57859 | D14: 56936 | E14: 98.4
A15: 2024 | B15: General History | C15: 26 | D15: 14 | E15: 53.85
A16: 2024 | B16: Islamic History | C16: 6011 | D16: 5846 | E16: 97.26
... A127: 2026 | B127: Food And Nutrition | C127: 229 | D127: 224 | E127: 97.82

Sheet Pes-Subject-wise Part-I 2026
A1: BISE Peshawar — HSSC Annual-I 2026 — Subject-wise Pass Percentage (Part-I, first year) — for reference
A2: Source: BISE Peshawar, HSSC Annual-I Examination 2026 — subject-wise pass percentage (HSSC Part-I). Pass % as published; subject names kept as published (title-cased). Part-I is the first-year (promoted) result, shown for reference; the Master Summary uses Part-II.
A4: Year | B4: Subject | C4: Appeared | D4: Passed | E4: Pass %
A5: 2026 | B5: English | C5: 63605 | D5: 55660 | E5: 87.51
A6: 2026 | B6: Child Development | C6: 91 | D6: 82 | E6: 90.11
A7: 2026 | B7: Urdu | C7: 63549 | D7: 60226 | E7: 94.77
A8: 2026 | B8: Pakistani Culture | C8: 56 | D8: 54 | E8: 96.43
A9: 2026 | B9: Islamic Education | C9: 63279 | D9: 59205 | E9: 93.56
A10: 2026 | B10: Mutala E Quran Hakeem | C10: 63279 | D10: 55823 | E10: 88.22
A11: 2026 | B11: Ethics (For Other Religion Students) | C11: 326 | D11: 291 | E11: 89.26
A12: 2026 | B12: Islamic History | C12: 4343 | D12: 3351 | E12: 77.16
A13: 2026 | B13: Economics | C13: 2343 | D13: 2061 | E13: 87.96
A14: 2026 | B14: Geography | C14: 564 | D14: 514 | E14: 91.13
A15: 2026 | B15: Psychology | C15: 955 | D15: 884 | E15: 92.57
A16: 2026 | B16: Civics | C16: 8001 | D16: 7187 | E16: 89.83
... A40: 2026 | B40: Food And Nutrition | C40: 279 | D40: 251 | E40: 89.96

Sheet RWP Overview Summary
A1: Year | B1: Enrolled | C1: Cancelled | D1: Absent | E1: Appeared | F1: Passed | G1: Pass_Pct | H1: Male_Appeared | I1: Male_Passed | J1: Male_Pass_Pct | K1: Female_Appeared | L1: Female_Passed | M1: Female_Pass_Pct | N1: A+ | O1: A | P1: B | Q1: C | R1: D | S1: E
A2: 2024 | B2: 64232 | C2: 24 | D2: 917 | E2: 63291 | F2: 35922 | G2: 0.5676 | H2: 24557 | I2: 11266 | J2: 0.4588 | K2: 38734 | L2: 24656 | M2: 0.6365 | N2: 2632 | O2: 5408 | P2: 9666 | Q2: 12243 | R2: 5612 | S2: 356
A3: 2025 | B3: 59784 | C3: 31 | D3: 813 | E3: 58940 | F3: 31898 | G3: 0.5412 | H3: 21668 | I3: 8640 | J3: 0.3987 | K3: 37272 | L3: 23258 | M3: 0.624 | N3: 2352 | O3: 4588 | P3: 8652 | Q3: 10881 | R3: 5144 | S3: 277
A4: 2026 | B4: 62233 | C4: 29 | D4: 795 | E4: 61409 | F4: 36896 | G4: 0.6008 | H4: 21821 | I4: 10152 | J4: 0.4652 | K4: 39588 | L4: 26744 | M4: 0.6756 | N4: 2671 | O4: 5577 | P4: 10176 | Q4: 12288 | R4: 5815 | S4: 365

Sheet RWP Pass % by Category
A1: Year | B1: Candidate_Type | C1: Group | D1: Gender | E1: Candidates | F1: Pass | G1: Pass_Pct
A2: 2024 | B2: Regular | C2: Humanities | D2: Male | E2: 2160 | F2: 859 | G2: 0.3977
A3: 2024 | B3: Regular | C3: Humanities | D3: Female | E3: 9594 | F3: 6130 | G3: 0.6389
A4: 2024 | B4: Regular | C4: Humanities | D4: Total | E4: 11754 | F4: 6989 | G4: 0.5946
A5: 2024 | B5: Regular | C5: Pre-Medical | D5: Male | E5: 2437 | F5: 1741 | G5: 0.7144
A6: 2024 | B6: Regular | C6: Pre-Medical | D6: Female | E6: 8166 | F6: 6876 | G6: 0.842
A7: 2024 | B7: Regular | C7: Pre-Medical | D7: Total | E7: 10603 | F7: 8617 | G7: 0.8127
A8: 2024 | B8: Regular | C8: Pre-Engineering | D8: Male | E8: 2303 | F8: 1668 | G8: 0.7243
A9: 2024 | B9: Regular | C9: Pre-Engineering | D9: Female | E9: 1733 | F9: 1461 | G9: 0.843
A10: 2024 | B10: Regular | C10: Pre-Engineering | D10: Total | E10: 4036 | F10: 3129 | G10: 0.7753
A11: 2024 | B11: Regular | C11: Science General | D11: Male | E11: 8685 | F11: 4159 | G11: 0.4789
A12: 2024 | B12: Regular | C12: Science General | D12: Female | E12: 9299 | F12: 5961 | G12: 0.641
A13: 2024 | B13: Regular | C13: Science General | D13: Total | E13: 17984 | F13: 10120 | G13: 0.5627
... A136: 2026 | B136: Overall | C136: Commerce | D136: Total | E136: 2453 | F136: 1497 | G136: 0.6102

Sheet RWP Grades by Category
A1: Year | B1: Group | C1: Category | D1: Candidates | E1: Passed | F1: A+ | G1: A | H1: B | I1: C | J1: D | K1: E
A2: 2024 | B2: Humanities | C2: Regular | D2: 11754 | E2: 6989 | F2: 55 | G2: 585 | H2: 2011 | I2: 2976 | J2: 1333 | K2: 29
A3: 2024 | B3: Humanities | C3: Private | D3: 9433 | E3: 2912 | F3: 18 | G3: 201 | H3: 538 | I3: 908 | J3: 1073 | K3: 170
A4: 2024 | B4: Humanities | C4: Total | D4: 21187 | E4: 9901 | F4: 73 | G4: 786 | H4: 2549 | I4: 3884 | J4: 2406 | K4: 199
A5: 2024 | B5: Pre-Medical | C5: Regular | D5: 10603 | E5: 8617 | F5: 1390 | G5: 2097 | H5: 2597 | I5: 2170 | J5: 361 | K5: 2
A6: 2024 | B6: Pre-Medical | C6: Private | D6: 1906 | E6: 1097 | F6: 274 | G6: 91 | H6: 103 | I6: 281 | J6: 336 | K6: 12
A7: 2024 | B7: Pre-Medical | C7: Total | D7: 12509 | E7: 9714 | F7: 1664 | G7: 2188 | H7: 2700 | I7: 2451 | J7: 697 | K7: 14
A8: 2024 | B8: Pre-Engineering | C8: Regular | D8: 4036 | E8: 3129 | F8: 415 | G8: 720 | H8: 959 | I8: 881 | J8: 154 | K8: 0
A9: 2024 | B9: Pre-Engineering | C9: Private | D9: 1046 | E9: 366 | F9: 2 | G9: 4 | H9: 26 | I9: 123 | J9: 197 | K9: 13
A10: 2024 | B10: Pre-Engineering | C10: Total | D10: 5082 | E10: 3495 | F10: 417 | G10: 724 | H10: 985 | I10: 1004 | J10: 351 | K10: 13
A11: 2024 | B11: Science General | C11: Regular | D11: 17984 | E11: 10120 | F11: 440 | G11: 1537 | H11: 3052 | I11: 4031 | J11: 1054 | K11: 6
A12: 2024 | B12: Science General | C12: Private | D12: 3768 | E12: 1040 | F12: 1 | G12: 6 | H12: 20 | I12: 286 | J12: 656 | K12: 71
A13: 2024 | B13: Science General | C13: Total | D13: 21752 | E13: 11160 | F13: 441 | G13: 1543 | H13: 3072 | I13: 4317 | J13: 1710 | K13: 77
... A46: 2026 | B46: Commerce | C46: Total | D46: 2453 | E46: 3950 | F46: 66 | G46: 149 | H46: 334 | I46: 477 | J46: 394 | K46: 77

Sheet RWP Grades by Gender
A1: Year | B1: Gender | C1: Group | D1: Category | E1: Candidates | F1: Passed | G1: A+ | H1: A | I1: B | J1: C | K1: D | L1: E
A2: 2024 | B2: Male | C2: Humanities | D2: Regular | E2: 2160 | F2: 859 | G2: 3 | H2: 35 | I2: 137 | J2: 394 | K2: 281 | L2: 9
A3: 2024 | B3: Male | C3: Humanities | D3: Private | E3: 3764 | F3: 833 | G3: 6 | H3: 46 | I3: 107 | J3: 242 | K3: 349 | L3: 80
A4: 2024 | B4: Male | C4: Humanities | D4: Total | E4: 5924 | F4: 1692 | G4: 9 | H4: 81 | I4: 244 | J4: 636 | K4: 630 | L4: 89
A5: 2024 | B5: Male | C5: Pre-Medical | D5: Regular | E5: 2437 | F5: 1741 | G5: 246 | H5: 395 | I5: 496 | J5: 478 | K5: 125 | L5: 1
